Date,Time,Depth [m]d,Temp,Salinity,Cond [mS/cm],EC25 [µS/cm],Density [kg/m^3],sT [ ],Chl-Flu. [ppb],Chl-a [µg/l],??????? [FTU],DO [%],Weiss-DO [mg/l],???? [V],G&G-DO [mg/l],B&K-DO [mg/l]
2022/09/06,10:08:50,18.1664,24.985,33.848,51.507,51524.317,1022.555,22.476,1.53,1.53,0.26,94.08,6.395,8.21,6.412,6.414
2022/09/06,10:08:50,18.1664,24.98,33.852,51.507,51529.631,1022.559,22.48,1.53,1.53,0.23,94.04,6.393,8.19,6.41,6.411
2022/09/06,10:08:50,18.1234,24.985,33.852,51.512,51529.258,1022.557,22.479,1.59,1.59,0.2,93.99,6.389,8.18,6.407,6.408
2022/09/06,10:08:50,18.1019,24.991,33.85,51.516,51525.518,1022.553,22.475,1.63,1.63,0.27,94.11,6.397,8.18,6.414,6.415
2022/09/06,10:08:50,18.0804,24.995,33.849,51.517,51523.439,1022.551,22.473,1.65,1.65,0.32,94.14,6.398,8.19,6.415,6.417
2022/09/06,10:08:50,18.0589,24.998,33.848,51.52,51522.453,1022.55,22.472,1.6,1.6,0.29,94.12,6.396,8.19,6.413,6.414
2022/09/06,10:08:50,18.0159,25.001,33.847,51.522,51520.121,1022.548,22.47,1.62,1.62,0.28,94.21,6.401,8.18,6.418,6.419
2022/09/06,10:08:50,17.9729,25.002,33.845,51.52,51517.422,1022.546,22.468,1.7,1.7,0.27,94.16,6.398,8.19,6.415,6.416
2022/09/06,10:08:50,17.9514,25.004,33.845,51.522,51516.94,1022.545,22.467,1.63,1.63,0.27,94.09,6.392,8.19,6.41,6.411
2022/09/06,10:08:51,17.9084,25.008,33.842,51.522,51512.555,1022.542,22.464,1.61,1.61,0.29,94.13,6.395,8.17,6.412,6.413
2022/09/06,10:08:51,17.8869,25.009,33.843,51.524,51514.003,1022.542,22.464,1.68,1.68,0.33,94.22,6.401,8.19,6.418,6.419
2022/09/06,10:08:51,17.8439,25.01,33.842,51.524,51512.698,1022.541,22.463,1.67,1.67,0.29,94.11,6.393,8.18,6.411,6.412
2022/09/06,10:08:51,17.7794,25.012,33.844,51.528,51514.517,1022.541,22.464,1.7,1.7,0.26,94.14,6.395,8.18,6.413,6.414
2022/09/06,10:08:51,17.7579,25.013,33.847,51.533,51518.818,1022.543,22.466,1.6,1.6,0.27,94.09,6.391,8.18,6.409,6.41
2022/09/06,10:08:51,17.7149,25.015,33.846,51.534,51517.134,1022.542,22.465,1.61,1.61,0.27,94.12,6.392,8.18,6.41,6.411
2022/09/06,10:08:51,17.6719,25.017,33.843,51.532,51513.036,1022.539,22.462,1.7,1.7,0.28,94.09,6.39,8.19,6.408,6.409
2022/09/06,10:08:51,17.6504,25.019,33.845,51.536,51515.162,1022.539,22.463,1.61,1.61,0.28,94.14,6.394,8.18,6.411,6.412
2022/09/06,10:08:51,17.6074,25.025,33.846,51.544,51515.785,1022.538,22.462,1.62,1.62,0.33,94.21,6.398,8.17,6.415,6.416
2022/09/06,10:08:51,17.5859,25.028,33.848,51.55,51518.523,1022.539,22.463,1.68,1.68,0.32,94.24,6.398,8.18,6.416,6.417
2022/09/06,10:08:52,17.5644,25.034,33.849,51.558,51518.887,1022.537,22.461,1.78,1.78,0.26,94.21,6.395,8.17,6.412,6.413
2022/09/06,10:08:52,17.5214,25.041,33.848,51.563,51516.844,1022.534,22.458,1.67,1.67,0.26,94.27,6.398,8.18,6.416,6.417
2022/09/06,10:08:52,17.4999,25.048,33.84,51.56,51505.7,1022.527,22.451,1.62,1.62,0.24,94.3,6.399,8.18,6.417,6.418
2022/09/06,10:08:52,17.4354,25.048,33.839,51.558,51503.134,1022.525,22.449,1.67,1.67,0.28,94.35,6.402,8.18,6.42,6.421
2022/09/06,10:08:52,17.4139,25.061,33.831,51.559,51490.838,1022.515,22.439,1.6,1.6,0.24,94.44,6.408,8.18,6.426,6.427
2022/09/06,10:08:52,17.4139,25.067,33.84,51.578,51502.476,1022.52,22.444,1.61,1.61,0.28,94.37,6.402,8.18,6.42,6.421
2022/09/06,10:08:52,17.3709,25.072,33.837,51.581,51498.402,1022.516,22.441,1.61,1.61,0.28,94.35,6.401,8.18,6.418,6.419
2022/09/06,10:08:52,17.3279,25.081,33.833,51.583,51492.216,1022.511,22.435,1.68,1.68,0.58,94.47,6.408,8.19,6.426,6.427
2022/09/06,10:08:52,17.3494,25.082,33.83,51.58,51487.285,1022.508,22.432,1.65,1.65,0.36,94.51,6.409,8.18,6.427,6.428
2022/09/06,10:08:52,17.3064,25.084,33.83,51.583,51487.046,1022.507,22.432,1.67,1.67,0.31,94.48,6.406,8.18,6.424,6.425
2022/09/06,10:08:53,17.2849,25.097,33.819,51.581,51470.305,1022.494,22.419,1.64,1.64,0.26,94.58,6.413,8.18,6.43,6.431
2022/09/06,10:08:53,17.2634,25.117,33.805,51.582,51449.659,1022.478,22.403,1.65,1.65,0.28,94.64,6.416,8.18,6.434,6.435
2022/09/06,10:08:53,17.2634,25.146,33.788,51.588,51422.966,1022.456,22.381,1.62,1.62,0.26,94.58,6.412,8.17,6.429,6.43
2022/09/06,10:08:53,17.2419,25.17,33.781,51.603,51411.323,1022.444,22.369,1.56,1.56,0.24,94.69,6.417,8.19,6.435,6.436
2022/09/06,10:08:53,17.2419,25.201,33.784,51.638,51410.858,1022.436,22.361,1.57,1.57,0.22,94.72,6.417,8.18,6.435,6.436
2022/09/06,10:08:53,17.2204,25.233,33.78,51.665,51402.301,1022.424,22.349,1.61,1.61,0.24,94.7,6.413,8.19,6.43,6.431
2022/09/06,10:08:53,17.2204,25.26,33.77,51.679,51384.879,1022.407,22.333,1.62,1.62,0.23,94.78,6.416,8.19,6.434,6.435
2022/09/06,10:08:53,17.1989,25.28,33.768,51.697,51379.731,1022.4,22.325,1.63,1.63,0.24,94.88,6.42,8.19,6.438,6.439
2022/09/06,10:08:53,17.1989,25.293,33.763,51.703,51371.906,1022.392,22.318,1.58,1.58,0.23,94.9,6.421,8.17,6.438,6.439
2022/09/06,10:08:53,17.1774,25.297,33.773,51.721,51384.91,1022.398,22.324,1.59,1.59,0.28,94.97,6.424,8.18,6.442,6.443
2022/09/06,10:08:54,17.1559,25.294,33.782,51.73,51397.477,1022.406,22.332,1.55,1.55,0.23,95.05,6.43,8.18,6.448,6.449
2022/09/06,10:08:54,17.1559,25.291,33.78,51.725,51395.781,1022.406,22.331,1.57,1.57,0.38,95.07,6.433,8.18,6.451,6.452
2022/09/06,10:08:54,17.1344,25.275,33.777,51.704,51393.427,1022.408,22.334,1.58,1.58,0.29,95.16,6.441,8.18,6.459,6.46
2022/09/06,10:08:54,17.0914,25.25,33.792,51.7,51416.629,1022.427,22.353,1.61,1.61,0.26,95.14,6.441,8.19,6.459,6.46
2022/09/06,10:08:54,17.0914,25.233,33.814,51.713,51448.637,1022.449,22.375,1.66,1.66,0.27,95.23,6.446,8.17,6.464,6.465
2022/09/06,10:08:54,17.0484,25.228,33.83,51.729,51470.638,1022.462,22.388,1.7,1.7,0.24,95.13,6.439,8.18,6.457,6.458
2022/09/06,10:08:54,17.0054,25.225,33.845,51.745,51490.749,1022.474,22.4,1.66,1.66,0.19,95.15,6.439,8.19,6.457,6.458
2022/09/06,10:08:54,16.9624,25.228,33.849,51.754,51495.744,1022.476,22.402,1.67,1.67,0.24,95.26,6.446,8.18,6.464,6.465
2022/09/06,10:08:54,16.898,25.238,33.85,51.765,51495.581,1022.473,22.4,1.63,1.63,0.22,95.22,6.442,8.18,6.46,6.461
2022/09/06,10:08:54,16.8335,25.249,33.836,51.757,51475.369,1022.459,22.386,1.65,1.65,0.19,95.38,6.452,8.19,6.469,6.47
2022/09/06,10:08:55,16.7905,25.268,33.799,51.727,51424.153,1022.426,22.353,1.69,1.69,0.22,95.36,6.449,8.19,6.467,6.468
2022/09/06,10:08:55,16.726,25.289,33.78,51.723,51395.741,1022.405,22.332,1.67,1.67,0.24,95.41,6.45,8.19,6.468,6.469
2022/09/06,10:08:55,16.64,25.3,33.776,51.727,51388.259,1022.397,22.325,1.75,1.75,0.33,95.5,6.455,8.19,6.473,6.474
2022/09/06,10:08:55,16.5755,25.304,33.786,51.746,51402.112,1022.404,22.332,1.66,1.66,0.29,95.56,6.457,8.19,6.475,6.476
2022/09/06,10:08:55,16.511,25.309,33.807,51.779,51429.743,1022.418,22.346,1.67,1.67,0.24,95.56,6.455,8.18,6.473,6.474
2022/09/06,10:08:55,16.4465,25.321,33.807,51.791,51428.7,1022.414,22.343,1.64,1.64,0.23,95.6,6.457,8.19,6.475,6.476
2022/09/06,10:08:55,16.425,25.344,33.803,51.809,51419.491,1022.403,22.332,1.61,1.61,0.24,95.64,6.459,8.18,6.477,6.478
2022/09/06,10:08:55,16.3605,25.37,33.798,51.828,51409.689,1022.391,22.32,1.62,1.62,0.24,95.57,6.452,8.18,6.47,6.471
2022/09/06,10:08:55,16.339,25.383,33.795,51.838,51404.585,1022.385,22.314,1.67,1.67,0.22,95.72,6.463,8.18,6.481,6.482
2022/09/06,10:08:55,16.296,25.394,33.798,51.853,51406.939,1022.384,22.313,1.64,1.64,0.2,95.69,6.461,8.18,6.479,6.48
2022/09/06,10:08:56,16.2745,25.41,33.794,51.864,51400.007,1022.376,22.305,1.66,1.66,0.23,95.83,6.469,8.17,6.487,6.489
2022/09/06,10:08:56,16.2315,25.421,33.784,51.861,51385.073,1022.365,22.294,1.66,1.66,0.23,95.85,6.471,8.18,6.489,6.49
2022/09/06,10:08:56,16.2315,25.427,33.782,51.865,51382.429,1022.362,22.291,1.67,1.67,0.2,95.99,6.479,8.18,6.497,6.498
2022/09/06,10:08:56,16.2315,25.433,33.78,51.869,51378.956,1022.358,22.288,1.68,1.68,0.32,96.01,6.48,8.18,6.498,6.499
2022/09/06,10:08:56,16.21,25.439,33.778,51.872,51375.506,1022.355,22.285,1.7,1.7,0.26,96.08,6.484,8.18,6.502,6.503
2022/09/06,10:08:56,16.21,25.443,33.775,51.871,51370.831,1022.351,22.281,1.62,1.62,0.18,96.02,6.479,8.18,6.497,6.498
2022/09/06,10:08:56,16.2315,25.44,33.772,51.864,51366.534,1022.35,22.279,1.66,1.66,0.2,96.02,6.48,8.18,6.498,6.499
2022/09/06,10:08:56,16.21,25.438,33.771,51.86,51365.309,1022.349,22.279,1.61,1.61,0.2,96.07,6.484,8.19,6.502,6.503
2022/09/06,10:08:56,16.2315,25.444,33.769,51.865,51363.041,1022.347,22.276,1.64,1.64,0.22,96.14,6.488,8.18,6.506,6.507
2022/09/06,10:08:56,16.2315,25.441,33.771,51.864,51365.27,1022.349,22.278,1.6,1.6,0.23,96.2,6.492,8.18,6.51,6.511
2022/09/06,10:08:57,16.2315,25.433,33.776,51.862,51372.957,1022.355,22.285,1.55,1.55,0.22,96.29,6.498,8.19,6.516,6.517
2022/09/06,10:08:57,16.2315,25.44,33.776,51.87,51372.584,1022.353,22.283,1.6,1.6,0.22,96.35,6.502,8.18,6.52,6.521
2022/09/06,10:08:57,16.2315,25.451,33.769,51.871,51361.764,1022.344,22.274,1.66,1.66,0.2,96.39,6.505,8.18,6.523,6.524
2022/09/06,10:08:57,16.21,25.455,33.768,51.875,51360.05,1022.342,22.272,1.7,1.7,0.2,96.4,6.505,8.19,6.523,6.524
2022/09/06,10:08:57,16.21,25.453,33.769,51.874,51361.938,1022.344,22.274,1.62,1.62,0.2,96.33,6.499,8.17,6.517,6.518
2022/09/06,10:08:57,16.1885,25.453,33.771,51.877,51364.703,1022.345,22.275,1.6,1.6,0.23,96.39,6.503,8.18,6.521,6.522
2022/09/06,10:08:57,16.1885,25.456,33.776,51.886,51371.068,1022.348,22.278,1.61,1.61,0.2,96.58,6.515,8.18,6.534,6.535
2022/09/06,10:08:57,16.1455,25.46,33.774,51.887,51367.323,1022.345,22.275,1.64,1.64,0.2,96.52,6.511,8.18,6.529,6.53
2022/09/06,10:08:57,16.124,25.462,33.775,51.89,51368.553,1022.345,22.275,1.68,1.68,0.19,96.42,6.504,8.17,6.522,6.523
2022/09/06,10:08:57,16.081,25.465,33.773,51.891,51365.334,1022.342,22.273,1.64,1.64,0.17,96.42,6.504,8.17,6.522,6.523
2022/09/06,10:08:58,16.038,25.467,33.77,51.889,51361.242,1022.34,22.27,1.61,1.61,0.19,96.54,6.511,8.18,6.529,6.531
2022/09/06,10:08:58,15.9735,25.467,33.771,51.89,51362.116,1022.34,22.27,1.57,1.57,0.24,96.53,6.51,8.17,6.528,6.53
2022/09/06,10:08:58,15.9305,25.466,33.771,51.889,51363.251,1022.341,22.271,1.59,1.59,0.24,96.6,6.516,8.19,6.534,6.535
2022/09/06,10:08:58,15.8445,25.464,33.772,51.888,51364.044,1022.341,22.272,1.61,1.61,0.2,96.52,6.51,8.18,6.528,6.529
2022/09/06,10:08:58,15.78,25.461,33.773,51.887,51365.887,1022.342,22.274,1.6,1.6,0.22,96.56,6.513,8.18,6.531,6.532
2022/09/06,10:08:58,15.694,25.459,33.774,51.886,51367.324,1022.343,22.275,1.64,1.64,0.23,96.51,6.509,8.18,6.527,6.528
2022/09/06,10:08:58,15.6295,25.46,33.772,51.884,51364.259,1022.341,22.273,1.72,1.72,0.22,96.53,6.511,8.18,6.529,6.53
2022/09/06,10:08:58,15.5435,25.463,33.772,51.887,51364.472,1022.34,22.273,1.67,1.67,0.19,96.51,6.51,8.19,6.528,6.529
2022/09/06,10:08:58,15.4575,25.467,33.775,51.895,51368.008,1022.341,22.274,1.65,1.65,0.18,96.61,6.516,8.17,6.534,6.535
2022/09/06,10:08:58,15.3715,25.474,33.772,51.899,51363.41,1022.336,22.27,1.65,1.65,0.23,96.58,6.513,8.18,6.531,6.532
2022/09/06,10:08:59,15.2856,25.483,33.768,51.901,51355.738,1022.329,22.263,1.67,1.67,0.24,96.53,6.51,8.17,6.528,6.529
2022/09/06,10:08:59,15.1996,25.49,33.767,51.907,51353.832,1022.326,22.261,1.66,1.66,0.26,96.6,6.513,8.18,6.531,6.532
2022/09/06,10:08:59,15.1136,25.503,33.774,51.931,51362.164,1022.327,22.262,1.7,1.7,0.22,96.67,6.518,8.18,6.536,6.537
2022/09/06,10:08:59,15.0276,25.518,33.766,51.935,51349.17,1022.316,22.251,1.73,1.73,0.2,96.78,6.524,8.19,6.542,6.543
2022/09/06,10:08:59,14.9631,25.527,33.753,51.927,51331.335,1022.304,22.239,1.73,1.73,0.23,96.69,6.517,8.18,6.535,6.536
2022/09/06,10:08:59,14.9201,25.532,33.753,51.931,51329.862,1022.302,22.237,1.65,1.65,0.18,96.75,6.52,8.18,6.538,6.539
2022/09/06,10:08:59,14.8556,25.544,33.749,51.938,51323.34,1022.295,22.23,1.65,1.65,0.17,96.76,6.52,8.17,6.538,6.539
2022/09/06,10:08:59,14.8126,25.553,33.745,51.941,51316.694,1022.289,22.225,1.73,1.73,0.18,96.83,6.523,8.19,6.541,6.542
2022/09/06,10:08:59,14.7911,25.553,33.759,51.961,51336.216,1022.299,22.235,1.69,1.69,0.22,96.79,6.519,8.19,6.537,6.538
2022/09/06,10:08:59,14.7266,25.553,33.767,51.972,51346.874,1022.305,22.241,1.66,1.66,0.18,96.78,6.518,8.18,6.537,6.538
2022/09/06,10:09:00,14.7266,25.556,33.764,51.97,51342.782,1022.302,22.238,1.73,1.73,0.18,96.77,6.517,8.18,6.535,6.537
2022/09/06,10:09:00,14.6836,25.562,33.769,51.983,51348.025,1022.303,22.24,1.82,1.82,0.17,96.89,6.525,8.18,6.543,6.544
2022/09/06,10:09:00,14.6836,25.571,33.761,51.982,51336.786,1022.295,22.231,1.74,1.74,0.17,96.98,6.53,8.18,6.549,6.55
2022/09/06,10:09:00,14.6621,25.577,33.759,51.986,51333.667,1022.292,22.228,1.67,1.67,0.18,96.95,6.527,8.17,6.546,6.547
2022/09/06,10:09:00,14.6406,25.582,33.756,51.986,51328.846,1022.288,22.224,1.66,1.66,0.17,97.15,6.541,8.17,6.559,6.56
2022/09/06,10:09:00,14.6406,25.586,33.753,51.986,51323.806,1022.284,22.22,1.64,1.64,0.2,97.14,6.539,8.18,6.557,6.558
2022/09/06,10:09:00,14.6191,25.591,33.751,51.988,51320.777,1022.281,22.217,2.12,2.12,0.73,97.15,6.539,8.18,6.558,6.559
2022/09/06,10:09:00,14.6191,25.595,33.747,51.986,51314.37,1022.276,22.213,2.46,2.46,0.51,97.18,6.541,8.16,6.559,6.56
2022/09/06,10:09:00,14.6191,25.599,33.745,51.988,51311.291,1022.274,22.21,1.86,1.86,0.29,97.15,6.539,8.19,6.557,6.558
2022/09/06,10:09:00,14.5976,25.602,33.745,51.99,51311.091,1022.273,22.21,1.65,1.65,0.22,97.19,6.541,8.17,6.56,6.561
2022/09/06,10:09:01,14.5976,25.605,33.742,51.989,51306.629,1022.27,22.206,1.61,1.61,0.19,97.24,6.545,8.18,6.563,6.564
2022/09/06,10:09:01,14.5761,25.607,33.741,51.991,51305.711,1022.268,22.205,1.64,1.64,0.15,97.37,6.553,8.18,6.572,6.573
2022/09/06,10:09:01,14.5976,25.61,33.74,51.993,51304.203,1022.267,22.204,1.68,1.68,0.18,97.36,6.552,8.18,6.571,6.572
2022/09/06,10:09:01,14.5761,25.611,33.737,51.99,51299.877,1022.264,22.201,1.65,1.65,0.18,97.29,6.548,8.18,6.566,6.567
2022/09/06,10:09:01,14.5976,25.612,33.738,51.991,51300.595,1022.264,22.201,1.63,1.63,0.18,97.39,6.555,8.18,6.573,6.574
2022/09/06,10:09:01,14.5761,25.612,33.737,51.991,51299.542,1022.264,22.2,1.61,1.61,0.14,97.36,6.552,8.18,6.571,6.572
2022/09/06,10:09:01,14.5976,25.613,33.738,51.993,51301.403,1022.265,22.201,1.62,1.62,0.14,97.32,6.55,8.17,6.568,6.569
2022/09/06,10:09:01,14.5761,25.614,33.737,51.992,51299.137,1022.263,22.2,1.67,1.67,0.18,97.32,6.55,8.19,6.568,6.569
2022/09/06,10:09:01,14.5546,25.614,33.735,51.991,51297.056,1022.262,22.199,1.7,1.7,0.22,97.41,6.556,8.18,6.574,6.575
2022/09/06,10:09:01,14.5546,25.615,33.734,51.988,51294.471,1022.26,22.197,1.65,1.65,0.14,97.35,6.552,8.18,6.57,6.571
2022/09/06,10:09:02,14.5546,25.615,33.73,51.984,51289.741,1022.257,22.194,1.62,1.62,0.18,97.44,6.559,8.17,6.577,6.578
2022/09/06,10:09:02,14.5331,25.614,33.729,51.982,51288.65,1022.257,22.194,1.62,1.62,0.15,97.52,6.564,8.18,6.582,6.583
2022/09/06,10:09:02,14.5116,25.612,33.732,51.983,51292.019,1022.259,22.196,1.64,1.64,0.18,97.46,6.56,8.18,6.579,6.58
2022/09/06,10:09:02,14.5116,25.609,33.735,51.984,51297.046,1022.263,22.2,1.67,1.67,0.22,97.42,6.557,8.18,6.575,6.576
2022/09/06,10:09:02,14.5116,25.606,33.735,51.982,51297.596,1022.264,22.201,1.65,1.65,0.17,97.39,6.555,8.17,6.573,6.574
2022/09/06,10:09:02,14.4686,25.605,33.735,51.98,51297.306,1022.264,22.201,1.67,1.67,0.17,97.38,6.554,8.19,6.572,6.573
2022/09/06,10:09:02,14.4471,25.602,33.738,51.982,51301.576,1022.267,22.204,1.7,1.7,0.18,97.42,6.557,8.19,6.575,6.576
2022/09/06,10:09:02,14.4256,25.602,33.736,51.979,51299.631,1022.266,22.203,1.61,1.61,0.14,97.42,6.557,8.18,6.575,6.576
2022/09/06,10:09:02,14.3826,25.601,33.737,51.98,51301.072,1022.266,22.204,1.69,1.69,0.14,97.43,6.558,8.17,6.576,6.578
2022/09/06,10:09:02,14.3396,25.6,33.739,51.981,51303.961,1022.268,22.206,1.71,1.71,0.15,97.36,6.553,8.17,6.571,6.572
2022/09/06,10:09:03,14.3396,25.599,33.737,51.978,51301.47,1022.267,22.205,1.66,1.66,0.15,97.43,6.558,8.19,6.576,6.578
2022/09/06,10:09:03,14.2751,25.6,33.739,51.98,51303.019,1022.268,22.206,1.74,1.74,0.18,97.41,6.556,8.18,6.575,6.576
2022/09/06,10:09:03,14.2751,25.6,33.737,51.978,51301.037,1022.266,22.204,1.76,1.76,0.18,97.44,6.559,8.18,6.577,6.578
2022/09/06,10:09:03,14.2321,25.6,33.738,51.979,51301.926,1022.267,22.205,1.7,1.7,0.18,97.48,6.561,8.18,6.58,6.581
2022/09/06,10:09:03,14.1891,25.603,33.737,51.98,51299.763,1022.265,22.203,1.77,1.77,0.2,97.41,6.557,8.18,6.575,6.576
2022/09/06,10:09:03,14.1676,25.604,33.738,51.983,51301.35,1022.265,22.204,1.76,1.76,0.19,97.33,6.551,8.18,6.569,6.57
2022/09/06,10:09:03,14.1246,25.605,33.739,51.985,51302.28,1022.265,22.204,1.79,1.79,0.15,97.38,6.554,8.18,6.573,6.574
2022/09/06,10:09:03,14.0816,25.605,33.739,51.986,51303.104,1022.265,22.204,1.73,1.73,0.17,97.42,6.557,8.18,6.575,6.576
2022/09/06,10:09:03,14.0601,25.607,33.738,51.986,51300.758,1022.264,22.203,1.63,1.63,0.18,97.44,6.558,8.18,6.576,6.577
2022/09/06,10:09:03,14.0386,25.609,33.737,51.987,51299.89,1022.263,22.202,1.64,1.64,0.24,97.49,6.561,8.19,6.58,6.581
2022/09/06,10:09:04,14.0171,25.61,33.734,51.984,51295.041,1022.259,22.199,1.67,1.67,0.22,97.47,6.56,8.16,6.579,6.58
2022/09/06,10:09:04,13.9741,25.612,33.733,51.984,51294.347,1022.258,22.198,1.66,1.66,0.17,97.53,6.564,8.17,6.582,6.583
2022/09/06,10:09:04,13.9526,25.612,33.735,51.986,51296.197,1022.259,22.199,1.64,1.64,0.19,97.46,6.559,8.17,6.578,6.579
2022/09/06,10:09:04,13.9096,25.612,33.732,51.983,51291.875,1022.257,22.196,1.67,1.67,0.24,97.39,6.554,8.18,6.573,6.574
2022/09/06,10:09:04,13.8881,25.613,33.731,51.983,51290.81,1022.256,22.196,1.75,1.75,0.2,97.36,6.552,8.18,6.571,6.572
2022/09/06,10:09:04,13.8451,25.612,33.73,51.98,51289.807,1022.255,22.195,1.69,1.69,0.17,97.39,6.554,8.19,6.572,6.574
2022/09/06,10:09:04,13.8021,25.613,33.731,51.982,51290.749,1022.255,22.196,1.63,1.63,0.18,97.49,6.561,8.19,6.579,6.58
2022/09/06,10:09:04,13.7591,25.614,33.73,51.982,51289.804,1022.255,22.195,1.71,1.71,0.19,97.39,6.554,8.18,6.572,6.573
2022/09/06,10:09:04,13.6946,25.614,33.728,51.979,51286.968,1022.253,22.193,1.67,1.67,0.15,97.46,6.559,8.18,6.577,6.578
2022/09/06,10:09:04,13.6517,25.616,33.724,51.976,51281.736,1022.249,22.19,1.67,1.67,0.17,97.55,6.565,8.18,6.583,6.584
2022/09/06,10:09:05,13.6087,25.616,33.724,51.976,51281.218,1022.249,22.19,1.69,1.69,0.17,97.61,6.569,8.17,6.587,6.588
2022/09/06,10:09:05,13.5442,25.618,33.718,51.97,51273.151,1022.243,22.185,1.73,1.73,0.19,97.53,6.563,8.18,6.582,6.583
2022/09/06,10:09:05,13.5012,25.619,33.718,51.971,51272.558,1022.243,22.184,1.67,1.67,0.19,97.56,6.566,8.18,6.584,6.585
2022/09/06,10:09:05,13.4367,25.62,33.717,51.97,51271.212,1022.241,22.183,1.59,1.59,0.22,97.52,6.563,8.19,6.581,6.582
2022/09/06,10:09:05,13.4152,25.621,33.715,51.97,51268.798,1022.24,22.181,1.63,1.63,0.17,97.53,6.564,8.19,6.582,6.583
2022/09/06,10:09:05,13.3507,25.623,33.713,51.968,51265.412,1022.237,22.179,1.7,1.7,0.24,97.57,6.566,8.19,6.584,6.585
2022/09/06,10:09:05,13.3077,25.624,33.713,51.969,51265.347,1022.237,22.179,1.69,1.69,0.18,97.61,6.569,8.19,6.587,6.588
2022/09/06,10:09:05,13.2647,25.625,33.711,51.967,51262.221,1022.234,22.177,1.59,1.59,0.18,97.53,6.563,8.17,6.581,6.582
2022/09/06,10:09:05,13.2217,25.627,33.711,51.969,51261.93,1022.234,22.176,1.61,1.61,0.15,97.51,6.561,8.19,6.58,6.581
2022/09/06,10:09:05,13.2002,25.629,33.709,51.967,51258.613,1022.231,22.174,1.58,1.58,0.18,97.62,6.57,8.19,6.588,6.589
2022/09/06,10:09:06,13.1787,25.629,33.702,51.959,51249.558,1022.226,22.169,1.6,1.6,0.15,97.65,6.572,8.17,6.59,6.591
2022/09/06,10:09:06,13.1357,25.628,33.708,51.967,51258.458,1022.231,22.174,1.67,1.67,0.19,97.64,6.571,8.18,6.589,6.59
2022/09/06,10:09:06,13.1357,25.631,33.705,51.965,51253.386,1022.227,22.17,1.67,1.67,0.18,97.65,6.571,8.19,6.589,6.59
2022/09/06,10:09:06,13.1142,25.633,33.706,51.969,51254.902,1022.228,22.171,1.68,1.68,0.27,97.68,6.573,8.18,6.591,6.593
2022/09/06,10:09:06,13.1142,25.632,33.704,51.965,51252.053,1022.226,22.17,1.56,1.56,0.27,97.74,6.577,8.19,6.596,6.597
2022/09/06,10:09:06,13.1142,25.631,33.697,51.953,51242.216,1022.221,22.164,1.54,1.54,0.19,97.69,6.574,8.18,6.592,6.593
2022/09/06,10:09:06,13.0927,25.632,33.692,51.947,51235.421,1022.217,22.16,1.53,1.53,0.18,97.66,6.572,8.19,6.59,6.591
2022/09/06,10:09:06,13.0927,25.63,33.693,51.947,51237.041,1022.218,22.162,1.51,1.51,0.15,97.71,6.575,8.18,6.594,6.595
2022/09/06,10:09:06,13.0927,25.63,33.695,51.95,51239.843,1022.22,22.163,1.59,1.59,0.18,97.74,6.577,8.17,6.595,6.596
2022/09/06,10:09:06,13.0927,25.633,33.698,51.957,51244.016,1022.222,22.165,1.62,1.62,0.17,97.8,6.581,8.16,6.599,6.6
2022/09/06,10:09:07,13.0927,25.636,33.698,51.961,51243.981,1022.221,22.164,1.59,1.59,0.17,97.76,6.578,8.19,6.596,6.597
2022/09/06,10:09:07,13.0927,25.638,33.697,51.961,51241.697,1022.219,22.162,1.56,1.56,0.17,97.77,6.579,8.18,6.597,6.598
2022/09/06,10:09:07,13.0927,25.638,33.698,51.962,51243.094,1022.22,22.163,1.55,1.55,0.19,97.82,6.582,8.18,6.6,6.602
2022/09/06,10:09:07,13.0927,25.638,33.698,51.962,51243.661,1022.22,22.163,1.58,1.58,0.18,97.82,6.582,8.18,6.601,6.602
2022/09/06,10:09:07,13.1142,25.635,33.698,51.959,51243.34,1022.221,22.164,1.6,1.6,0.17,97.8,6.581,8.16,6.6,6.601
2022/09/06,10:09:07,13.0927,25.632,33.704,51.964,51252.103,1022.226,22.17,1.61,1.61,0.22,97.82,6.583,8.18,6.601,6.602
2022/09/06,10:09:07,13.0497,25.629,33.702,51.96,51249.945,1022.226,22.169,1.55,1.55,0.2,97.84,6.584,8.19,6.602,6.603
2022/09/06,10:09:07,13.0497,25.631,33.701,51.96,51248.439,1022.224,22.168,1.52,1.52,0.14,97.77,6.579,8.16,6.597,6.598
2022/09/06,10:09:07,13.0497,25.632,33.7,51.959,51246.497,1022.223,22.167,1.51,1.51,0.17,97.78,6.58,8.18,6.598,6.599
2022/09/06,10:09:07,13.0067,25.632,33.701,51.96,51247.564,1022.223,22.167,1.93,1.93,0.29,97.8,6.581,8.18,6.599,6.6
2022/09/06,10:09:08,12.9852,25.633,33.702,51.963,51249.457,1022.224,22.168,1.82,1.82,0.18,97.73,6.576,8.16,6.594,6.595
2022/09/06,10:09:08,12.9422,25.633,33.7,51.959,51245.875,1022.222,22.166,1.83,1.83,0.17,97.77,6.579,8.17,6.597,6.598
2022/09/06,10:09:08,12.8992,25.634,33.696,51.956,51241.092,1022.219,22.163,1.77,1.77,0.15,97.75,6.577,8.19,6.596,6.597
2022/09/06,10:09:08,12.8562,25.634,33.695,51.954,51238.872,1022.217,22.162,1.69,1.69,0.2,97.85,6.584,8.18,6.602,6.604
2022/09/06,10:09:08,12.8132,25.634,33.696,51.956,51241.216,1022.219,22.163,1.67,1.67,0.23,97.83,6.583,8.19,6.601,6.602
2022/09/06,10:09:08,12.7487,25.635,33.697,51.957,51242.02,1022.219,22.163,1.64,1.64,0.18,97.75,6.577,8.18,6.596,6.597
2022/09/06,10:09:08,12.6842,25.634,33.696,51.956,51241.066,1022.218,22.163,1.58,1.58,0.2,97.77,6.579,8.18,6.598,6.599
2022/09/06,10:09:08,12.6197,25.634,33.695,51.954,51239.774,1022.217,22.162,1.6,1.6,0.37,97.86,6.584,8.17,6.603,6.604
2022/09/06,10:09:08,12.5552,25.635,33.695,51.955,51239.353,1022.216,22.162,1.63,1.63,0.26,97.83,6.583,8.18,6.602,6.603
2022/09/06,10:09:08,12.4907,25.634,33.696,51.956,51240.418,1022.217,22.163,1.77,1.77,0.19,97.83,6.583,8.17,6.601,6.603
2022/09/06,10:09:09,12.4262,25.633,33.697,51.955,51241.567,1022.217,22.164,1.75,1.75,0.18,97.85,6.585,8.16,6.603,6.604
2022/09/06,10:09:09,12.3617,25.634,33.693,51.951,51236.816,1022.214,22.161,1.62,1.62,0.14,97.91,6.588,8.18,6.607,6.608
2022/09/06,10:09:09,12.2972,25.633,33.693,51.95,51236.429,1022.214,22.161,1.61,1.61,0.13,97.9,6.588,8.18,6.606,6.607
2022/09/06,10:09:09,12.2327,25.632,33.692,51.948,51235.764,1022.214,22.161,1.59,1.59,0.15,97.87,6.586,8.18,6.605,6.606
2022/09/06,10:09:09,12.1682,25.628,33.679,51.926,51218.274,1022.205,22.152,1.53,1.53,0.15,97.88,6.588,8.16,6.606,6.607
2022/09/06,10:09:09,12.1252,25.618,33.67,51.903,51207.4,1022.201,22.148,1.47,1.47,0.17,97.9,6.589,8.18,6.608,6.609
2022/09/06,10:09:09,12.0822,25.61,33.67,51.896,51208.377,1022.203,22.151,1.47,1.47,0.15,97.84,6.586,8.17,6.605,6.606
2022/09/06,10:09:09,12.0393,25.61,33.67,51.895,51208.085,1022.203,22.151,1.52,1.52,0.15,97.82,6.585,8.18,6.604,6.605
2022/09/06,10:09:09,12.0178,25.61,33.673,51.9,51212.61,1022.205,22.153,1.5,1.5,0.15,97.79,6.584,8.18,6.602,6.603
2022/09/06,10:09:09,11.9963,25.611,33.68,51.91,51221.752,1022.21,22.158,1.5,1.5,0.19,97.84,6.587,8.18,6.605,6.606
2022/09/06,10:09:10,11.9748,25.613,33.681,51.913,51222.168,1022.21,22.158,1.47,1.47,0.17,97.85,6.587,8.16,6.605,6.606
2022/09/06,10:09:10,11.9533,25.614,33.67,51.9,51207.822,1022.201,22.15,1.5,1.5,0.19,97.83,6.586,8.19,6.604,6.605
2022/09/06,10:09:10,11.9748,25.613,33.673,51.902,51212.061,1022.204,22.152,1.44,1.44,0.17,97.74,6.58,8.19,6.598,6.599
2022/09/06,10:09:10,11.9533,25.61,33.668,51.893,51205.582,1022.201,22.149,1.47,1.47,0.15,97.73,6.579,8.18,6.598,6.599
2022/09/06,10:09:10,11.9748,25.606,33.666,51.885,51202.72,1022.201,22.149,1.51,1.51,0.14,97.77,6.583,8.17,6.601,6.602
2022/09/06,10:09:10,11.9533,25.605,33.665,51.883,51201.571,1022.2,22.148,1.42,1.42,0.12,97.74,6.58,8.18,6.599,6.6
2022/09/06,10:09:10,11.9748,25.603,33.666,51.882,51203.312,1022.202,22.15,1.46,1.46,0.18,97.81,6.585,8.18,6.604,6.605
2022/09/06,10:09:10,11.9533,25.603,33.665,51.881,51201.455,1022.2,22.149,1.45,1.45,0.17,97.81,6.585,8.19,6.604,6.605
2022/09/06,10:09:10,11.9533,25.606,33.665,51.883,51201.017,1022.2,22.148,1.45,1.45,0.18,97.7,6.578,8.18,6.597,6.598
2022/09/06,10:09:10,11.9533,25.603,33.667,51.884,51204.735,1022.202,22.15,1.38,1.38,0.17,97.77,6.582,8.18,6.601,6.602
2022/09/06,10:09:11,11.9533,25.597,33.666,51.877,51204.202,1022.204,22.152,1.5,1.5,0.1,97.71,6.579,8.17,6.598,6.599
2022/09/06,10:09:11,11.9318,25.594,33.659,51.864,51195.031,1022.199,22.147,1.37,1.37,0.14,97.65,6.575,8.17,6.594,6.595
2022/09/06,10:09:11,11.9318,25.593,33.651,51.852,51183.434,1022.193,22.141,1.36,1.36,0.14,97.77,6.584,8.19,6.602,6.603
2022/09/06,10:09:11,11.8888,25.593,33.636,51.832,51164.408,1022.182,22.131,1.36,1.36,0.13,97.67,6.578,8.17,6.596,6.598
2022/09/06,10:09:11,11.8673,25.592,33.633,51.826,51159.242,1022.179,22.128,1.37,1.37,0.14,97.83,6.59,8.17,6.608,6.609
2022/09/06,10:09:11,11.8243,25.59,33.64,51.834,51169.74,1022.186,22.134,1.37,1.37,0.13,97.81,6.587,8.17,6.605,6.607
2022/09/06,10:09:11,11.8028,25.59,33.642,51.836,51171.762,1022.187,22.135,1.39,1.39,0.13,97.82,6.588,8.19,6.607,6.608
2022/09/06,10:09:11,11.7813,25.587,33.643,51.835,51173.978,1022.188,22.137,1.33,1.33,0.14,97.69,6.579,8.18,6.597,6.598
2022/09/06,10:09:11,11.7383,25.584,33.643,51.832,51174.57,1022.189,22.138,1.33,1.33,0.14,97.75,6.583,8.18,6.602,6.603
2022/09/06,10:09:11,11.7168,25.583,33.638,51.824,51167.629,1022.186,22.135,1.32,1.32,0.12,97.82,6.589,8.19,6.607,6.608
2022/09/06,10:09:12,11.6738,25.582,33.642,51.828,51172.912,1022.189,22.138,1.31,1.31,0.24,97.77,6.585,8.18,6.603,6.604
2022/09/06,10:09:12,11.6308,25.58,33.649,51.835,51182.263,1022.194,22.144,1.35,1.35,0.15,97.74,6.583,8.19,6.601,6.602
2022/09/06,10:09:12,11.6093,25.577,33.65,51.834,51183.874,1022.196,22.145,1.34,1.34,0.14,97.79,6.586,8.17,6.605,6.606
2022/09/06,10:09:12,11.5878,25.576,33.649,51.832,51183.538,1022.196,22.145,1.33,1.33,0.15,97.8,6.587,8.18,6.606,6.607
2022/09/06,10:09:12,11.5663,25.576,33.646,51.827,51178.874,1022.193,22.143,1.31,1.31,0.15,97.75,6.584,8.17,6.602,6.603
2022/09/06,10:09:12,11.5233,25.574,33.648,51.828,51182.151,1022.195,22.145,1.32,1.32,0.14,97.69,6.58,8.18,6.599,6.6
2022/09/06,10:09:12,11.5018,25.572,33.649,51.829,51183.867,1022.196,22.146,1.36,1.36,0.13,97.58,6.573,8.19,6.591,6.592
2022/09/06,10:09:12,11.4803,25.571,33.65,51.827,51184.364,1022.197,22.147,1.35,1.35,0.1,97.65,6.578,8.18,6.596,6.597
2022/09/06,10:09:12,11.4373,25.572,33.647,51.825,51181.345,1022.195,22.145,1.39,1.39,0.12,97.7,6.581,8.19,6.6,6.601
2022/09/06,10:09:12,11.4158,25.57,33.646,51.822,51179.516,1022.194,22.145,1.36,1.36,0.13,97.74,6.584,8.18,6.602,6.603
2022/09/06,10:09:13,11.3728,25.571,33.646,51.822,51179.246,1022.194,22.144,1.44,1.44,0.17,97.75,6.585,8.16,6.604,6.605
2022/09/06,10:09:13,11.3513,25.57,33.644,51.818,51176.514,1022.192,22.143,1.45,1.45,0.15,97.62,6.577,8.18,6.595,6.596
2022/09/06,10:09:13,11.2868,25.571,33.641,51.816,51173.373,1022.19,22.141,1.38,1.38,0.12,97.75,6.586,8.19,6.604,6.605
2022/09/06,10:09:13,11.2438,25.57,33.641,51.814,51172.717,1022.19,22.141,1.35,1.35,0.15,97.74,6.585,8.19,6.604,6.605
2022/09/06,10:09:13,11.1793,25.57,33.642,51.815,51173.609,1022.19,22.141,1.4,1.4,0.17,97.68,6.581,8.19,6.6,6.601
2022/09/06,10:09:13,11.1363,25.569,33.641,51.815,51173.419,1022.19,22.141,1.56,1.56,0.17,97.54,6.572,8.18,6.59,6.591
2022/09/06,10:09:13,11.0718,25.569,33.642,51.815,51174.376,1022.19,22.142,1.61,1.61,0.27,97.68,6.581,8.17,6.6,6.601
2022/09/06,10:09:13,11.0073,25.568,33.643,51.815,51175.769,1022.191,22.143,1.41,1.41,0.19,97.59,6.575,8.18,6.593,6.594
2022/09/06,10:09:13,10.9428,25.569,33.642,51.815,51173.943,1022.189,22.142,1.33,1.33,0.19,97.69,6.582,8.18,6.6,6.601
2022/09/06,10:09:13,10.8568,25.567,33.644,51.815,51177.386,1022.191,22.144,1.33,1.33,0.17,97.67,6.581,8.16,6.599,6.6
2022/09/06,10:09:14,10.7923,25.567,33.646,51.818,51179.492,1022.192,22.145,1.37,1.37,0.17,97.6,6.577,8.18,6.595,6.596
2022/09/06,10:09:14,10.7063,25.569,33.645,51.818,51177.934,1022.191,22.144,1.35,1.35,0.17,97.68,6.581,8.18,6.599,6.6
2022/09/06,10:09:14,10.6418,25.569,33.646,51.82,51179.692,1022.191,22.145,1.38,1.38,0.15,97.77,6.588,8.19,6.606,6.607
2022/09/06,10:09:14,10.5558,25.569,33.646,51.82,51179.704,1022.191,22.145,1.33,1.33,0.15,97.73,6.585,8.19,6.603,6.604
2022/09/06,10:09:14,10.4913,25.571,33.646,51.822,51179.644,1022.19,22.145,1.35,1.35,0.17,97.73,6.584,8.18,6.603,6.604
2022/09/06,10:09:14,10.4269,25.571,33.649,51.827,51183.805,1022.192,22.147,1.42,1.42,0.15,97.78,6.588,8.19,6.606,6.607
2022/09/06,10:09:14,10.3624,25.572,33.652,51.83,51186.692,1022.193,22.149,1.36,1.36,0.14,97.88,6.594,8.19,6.613,6.614
2022/09/06,10:09:14,10.3194,25.573,33.65,51.83,51183.974,1022.191,22.147,1.36,1.36,0.14,97.73,6.584,8.18,6.602,6.603
2022/09/06,10:09:14,10.2764,25.574,33.649,51.83,51183.315,1022.191,22.146,1.41,1.41,0.14,97.71,6.583,8.18,6.601,6.602
2022/09/06,10:09:14,10.2334,25.574,33.654,51.837,51190.105,1022.194,22.15,1.38,1.38,0.18,97.75,6.586,8.19,6.604,6.605
2022/09/06,10:09:15,10.2119,25.576,33.656,51.841,51192.627,1022.195,22.151,1.33,1.33,0.18,97.74,6.585,8.18,6.603,6.604
2022/09/06,10:09:15,10.1904,25.579,33.653,51.839,51187.612,1022.191,22.147,1.33,1.33,0.18,97.73,6.583,8.19,6.602,6.603
2022/09/06,10:09:15,10.1689,25.579,33.654,51.841,51188.363,1022.192,22.148,1.35,1.35,0.18,97.81,6.589,8.18,6.608,6.609
2022/09/06,10:09:15,10.1474,25.579,33.652,51.838,51186.347,1022.191,22.147,1.37,1.37,0.17,97.67,6.58,8.18,6.598,6.599
2022/09/06,10:09:15,10.1689,25.578,33.65,51.834,51183.487,1022.189,22.145,1.43,1.43,0.2,97.57,6.573,8.18,6.592,6.593
2022/09/06,10:09:15,10.1689,25.578,33.651,51.836,51184.954,1022.19,22.146,1.4,1.4,0.19,97.66,6.579,8.19,6.597,6.598
2022/09/06,10:09:15,10.1689,25.577,33.652,51.836,51185.923,1022.191,22.147,1.38,1.38,0.17,97.63,6.577,8.17,6.595,6.596
2022/09/06,10:09:15,10.1689,25.578,33.651,51.835,51184.986,1022.19,22.146,1.4,1.4,0.19,97.68,6.58,8.18,6.599,6.6
2022/09/06,10:09:15,10.1904,25.579,33.652,51.838,51186.092,1022.191,22.146,1.39,1.39,0.23,97.7,6.582,8.17,6.6,6.601
2022/09/06,10:09:15,10.1904,25.58,33.652,51.838,51185.794,1022.19,22.146,1.43,1.43,0.18,97.56,6.572,8.17,6.59,6.591
2022/09/06,10:09:16,10.1689,25.58,33.652,51.839,51185.557,1022.19,22.146,1.41,1.41,0.24,97.75,6.585,8.17,6.603,6.604
2022/09/06,10:09:16,10.1689,25.581,33.65,51.837,51182.768,1022.188,22.144,1.39,1.39,0.17,97.67,6.579,8.19,6.598,6.599
2022/09/06,10:09:16,10.1689,25.581,33.651,51.84,51185.188,1022.189,22.145,1.38,1.38,0.15,97.68,6.58,8.19,6.598,6.599
2022/09/06,10:09:16,10.1689,25.581,33.635,51.818,51163.418,1022.177,22.133,1.39,1.39,0.18,97.74,6.584,8.17,6.603,6.604
2022/09/06,10:09:16,10.1474,25.581,33.633,51.814,51160.635,1022.176,22.132,1.36,1.36,0.15,97.59,6.575,8.18,6.593,6.594
2022/09/06,10:09:16,10.1259,25.581,33.644,51.83,51175.587,1022.184,22.14,1.39,1.39,0.1,97.64,6.577,8.2,6.596,6.597
2022/09/06,10:09:16,10.1044,25.58,33.646,51.83,51177.835,1022.186,22.142,1.41,1.41,0.12,97.72,6.583,8.17,6.601,6.603
2022/09/06,10:09:16,10.0614,25.576,33.652,51.836,51187.25,1022.191,22.148,1.39,1.39,0.13,97.64,6.577,8.18,6.595,6.596
2022/09/06,10:09:16,10.0184,25.574,33.655,51.838,51191.042,1022.194,22.15,1.37,1.37,0.18,97.59,6.574,8.16,6.592,6.593
2022/09/06,10:09:16,9.9969,25.574,33.656,51.839,51192.601,1022.195,22.151,1.39,1.39,0.18,97.67,6.579,8.15,6.597,6.598
2022/09/06,10:09:17,9.9539,25.574,33.656,51.839,51191.851,1022.194,22.151,1.34,1.34,0.15,97.67,6.579,8.17,6.598,6.599
2022/09/06,10:09:17,9.9324,25.574,33.656,51.84,51192.575,1022.194,22.151,1.37,1.37,0.13,97.69,6.581,8.19,6.599,6.6
2022/09/06,10:09:17,9.8894,25.575,33.656,51.839,51191.515,1022.193,22.15,1.36,1.36,0.17,97.65,6.578,8.19,6.596,6.597
2022/09/06,10:09:17,9.8679,25.576,33.655,51.839,51189.968,1022.192,22.149,1.31,1.31,0.14,97.6,6.574,8.18,6.593,6.594
2022/09/06,10:09:17,9.8249,25.577,33.653,51.837,51187.077,1022.19,22.148,1.33,1.33,0.17,97.63,6.577,8.18,6.595,6.596
2022/09/06,10:09:17,9.7819,25.577,33.652,51.836,51185.731,1022.189,22.147,1.36,1.36,0.14,97.6,6.575,8.18,6.593,6.594
2022/09/06,10:09:17,9.7819,25.577,33.652,51.836,51186.133,1022.189,22.147,1.39,1.39,0.17,97.71,6.583,8.17,6.601,6.602
2022/09/06,10:09:17,9.7389,25.578,33.651,51.836,51185.112,1022.189,22.146,1.37,1.37,0.12,97.79,6.588,8.18,6.606,6.607
2022/09/06,10:09:17,9.7174,25.577,33.651,51.835,51184.989,1022.188,22.146,1.36,1.36,0.12,97.71,6.582,8.18,6.601,6.602
2022/09/06,10:09:17,9.6959,25.578,33.651,51.836,51185.264,1022.188,22.146,1.37,1.37,0.13,97.67,6.579,8.17,6.597,6.598
2022/09/06,10:09:18,9.6529,25.579,33.65,51.836,51183.842,1022.187,22.145,1.47,1.47,0.15,97.58,6.573,8.18,6.592,6.593
2022/09/06,10:09:18,9.6314,25.578,33.628,51.804,51153.713,1022.171,22.129,1.6,1.6,0.19,97.65,6.578,8.18,6.597,6.598
2022/09/06,10:09:18,9.5884,25.578,33.627,51.802,51152.205,1022.17,22.128,1.48,1.48,0.14,97.69,6.581,8.19,6.6,6.601
2022/09/06,10:09:18,9.5669,25.578,33.606,51.774,51123.805,1022.154,22.112,1.55,1.55,0.15,97.72,6.584,8.19,6.603,6.604
2022/09/06,10:09:18,9.5239,25.576,33.606,51.772,51123.791,1022.154,22.112,1.47,1.47,0.15,97.7,6.583,8.17,6.601,6.602
2022/09/06,10:09:18,9.4809,25.575,33.612,51.779,51132.109,1022.159,22.117,1.45,1.45,0.14,97.66,6.581,8.18,6.599,6.6
2022/09/06,10:09:18,9.4379,25.574,33.601,51.763,51117.394,1022.15,22.109,1.42,1.42,0.15,97.61,6.578,8.18,6.596,6.597
2022/09/06,10:09:18,9.3949,25.573,33.613,51.778,51133.626,1022.16,22.119,1.32,1.32,0.12,97.67,6.581,8.19,6.6,6.601
2022/09/06,10:09:18,9.3304,25.572,33.611,51.774,51130.547,1022.158,22.117,1.36,1.36,0.15,97.7,6.583,8.17,6.602,6.603
2022/09/06,10:09:18,9.2874,25.571,33.609,51.771,51128.843,1022.157,22.117,1.39,1.39,0.19,97.57,6.575,8.18,6.593,6.594
2022/09/06,10:09:19,9.2444,25.569,33.609,51.769,51129.178,1022.158,22.117,1.34,1.34,0.17,97.57,6.575,8.16,6.593,6.594
2022/09/06,10:09:19,9.1799,25.57,33.61,51.772,51130.391,1022.158,22.118,1.34,1.34,0.1,97.67,6.581,8.18,6.6,6.601
2022/09/06,10:09:19,9.1154,25.573,33.609,51.773,51128.148,1022.155,22.116,1.32,1.32,0.13,97.73,6.585,8.17,6.604,6.605
2022/09/06,10:09:19,9.0724,25.582,33.614,51.789,51134.253,1022.156,22.117,1.26,1.26,0.12,97.63,6.578,8.18,6.597,6.598
2022/09/06,10:09:19,9.0079,25.59,33.62,51.805,51141.037,1022.158,22.119,1.27,1.27,0.13,97.67,6.581,8.18,6.599,6.6
2022/09/06,10:09:19,8.9649,25.597,33.617,51.807,51135.901,1022.153,22.114,1.24,1.24,0.15,97.55,6.573,8.17,6.591,6.592
2022/09/06,10:09:19,8.9219,25.608,33.613,51.813,51129.331,1022.147,22.108,1.18,1.18,0.15,97.59,6.575,8.18,6.593,6.594
2022/09/06,10:09:19,8.8574,25.62,33.607,51.818,51120.165,1022.138,22.1,1.18,1.18,0.15,97.68,6.581,8.18,6.599,6.6
2022/09/06,10:09:19,8.8359,25.627,33.606,51.824,51118.379,1022.135,22.097,1.28,1.28,0.13,97.61,6.576,8.17,6.595,6.596
2022/09/06,10:09:19,8.8145,25.638,33.603,51.829,51112.294,1022.13,22.091,1.24,1.24,0.14,97.59,6.574,8.21,6.592,6.593
2022/09/06,10:09:20,8.7715,25.646,33.598,51.831,51105.102,1022.123,22.085,1.23,1.23,0.13,97.64,6.577,8.17,6.595,6.596
2022/09/06,10:09:20,8.7715,25.65,33.596,51.833,51102.183,1022.121,22.083,1.22,1.22,0.13,97.65,6.576,8.19,6.594,6.595
2022/09/06,10:09:20,8.75,25.646,33.605,51.842,51115.153,1022.129,22.091,1.18,1.18,0.14,97.73,6.58,8.19,6.598,6.599
2022/09/06,10:09:20,8.707,25.644,33.611,51.847,51122.77,1022.133,22.096,1.15,1.15,0.13,97.69,6.576,8.18,6.594,6.595
2022/09/06,10:09:20,8.7285,25.648,33.604,51.841,51112.902,1022.127,22.089,1.21,1.21,0.13,97.75,6.58,8.17,6.598,6.599
2022/09/06,10:09:20,8.6855,25.654,33.592,51.832,51096.322,1022.116,22.078,1.19,1.19,0.15,97.75,6.58,8.16,6.599,6.6
2022/09/06,10:09:20,8.6855,25.654,33.593,51.833,51097.608,1022.117,22.079,1.21,1.21,0.13,97.77,6.582,8.17,6.6,6.601
2022/09/06,10:09:20,8.664,25.649,33.608,51.848,51118.957,1022.13,22.092,1.15,1.15,0.13,97.76,6.58,8.17,6.598,6.599
2022/09/06,10:09:20,8.664,25.65,33.607,51.847,51116.85,1022.128,22.091,1.18,1.18,0.18,97.84,6.586,8.16,6.604,6.605
2022/09/06,10:09:20,8.6425,25.657,33.602,51.848,51109.575,1022.123,22.085,1.24,1.24,0.19,97.76,6.58,8.18,6.599,6.6
2022/09/06,10:09:21,8.621,25.669,33.6,51.857,51105.512,1022.117,22.08,1.27,1.27,0.15,97.74,6.579,8.16,6.598,6.599
2022/09/06,10:09:21,8.5995,25.677,33.595,51.859,51097.735,1022.111,22.074,1.23,1.23,0.14,97.77,6.58,8.17,6.599,6.6
2022/09/06,10:09:21,8.578,25.681,33.599,51.867,51101.899,1022.112,22.075,1.2,1.2,0.17,97.8,6.582,8.18,6.601,6.602
2022/09/06,10:09:21,8.535,25.685,33.607,51.882,51112.363,1022.117,22.08,1.24,1.24,0.14,97.89,6.587,8.18,6.606,6.607
2022/09/06,10:09:21,8.5135,25.685,33.614,51.893,51122.13,1022.122,22.085,1.17,1.17,0.13,97.9,6.587,8.18,6.605,6.606
2022/09/06,10:09:21,8.4705,25.686,33.618,51.898,51127.007,1022.124,22.088,1.2,1.2,0.13,97.8,6.58,8.18,6.598,6.599
2022/09/06,10:09:21,8.449,25.689,33.612,51.894,51119.345,1022.119,22.083,1.18,1.18,0.15,97.88,6.585,8.19,6.604,6.605
2022/09/06,10:09:21,8.406,25.692,33.611,51.896,51117.311,1022.117,22.081,1.18,1.18,0.12,97.93,6.589,8.19,6.607,6.608
2022/09/06,10:09:21,8.363,25.697,33.607,51.895,51110.874,1022.112,22.076,1.23,1.23,0.13,97.9,6.586,8.19,6.605,6.606
2022/09/06,10:09:21,8.3415,25.704,33.602,51.896,51104.303,1022.107,22.071,1.2,1.2,0.12,97.82,6.58,8.18,6.599,6.6
2022/09/06,10:09:22,8.2985,25.705,33.605,51.9,51107.599,1022.108,22.072,1.22,1.22,0.1,97.84,6.581,8.16,6.6,6.601
2022/09/06,10:09:22,8.2555,25.708,33.601,51.897,51101.905,1022.104,22.068,1.21,1.21,0.12,97.85,6.581,8.19,6.599,6.6
2022/09/06,10:09:22,8.234,25.712,33.597,51.897,51096.529,1022.1,22.064,1.19,1.19,0.13,97.98,6.589,8.18,6.607,6.608
2022/09/06,10:09:22,8.191,25.71,33.599,51.898,51099.441,1022.102,22.066,1.24,1.24,0.19,97.89,6.582,8.18,6.6,6.601
2022/09/06,10:09:22,8.148,25.714,33.594,51.895,51092.027,1022.097,22.061,1.3,1.3,0.18,97.9,6.583,8.17,6.601,6.602
2022/09/06,10:09:22,8.1265,25.718,33.591,51.894,51087.453,1022.093,22.058,1.33,1.33,0.19,97.85,6.578,8.19,6.596,6.597
2022/09/06,10:09:22,8.0835,25.722,33.589,51.896,51084.853,1022.091,22.055,1.36,1.36,0.28,97.87,6.579,8.18,6.597,6.598
2022/09/06,10:09:22,8.0405,25.728,33.588,51.9,51081.596,1022.087,22.052,1.24,1.24,0.2,97.95,6.583,8.18,6.602,6.603
2022/09/06,10:09:22,8.019,25.737,33.586,51.906,51078.296,1022.083,22.048,1.18,1.18,0.18,97.94,6.583,8.18,6.601,6.602
2022/09/06,10:09:22,7.976,25.746,33.585,51.914,51076.736,1022.08,22.045,1.2,1.2,0.15,98.02,6.587,8.18,6.606,6.607
2022/09/06,10:09:23,7.976,25.754,33.585,51.922,51074.808,1022.077,22.042,1.24,1.24,0.23,97.99,6.585,8.17,6.604,6.605
2022/09/06,10:09:23,7.933,25.759,33.583,51.925,51071.661,1022.073,22.039,1.19,1.19,0.17,98.01,6.586,8.17,6.604,6.605
2022/09/06,10:09:23,7.9115,25.76,33.582,51.924,51070.762,1022.073,22.038,1.2,1.2,0.15,98,6.586,8.19,6.604,6.605
2022/09/06,10:09:23,7.89,25.759,33.585,51.928,51074.676,1022.075,22.041,1.15,1.15,0.13,98.02,6.586,8.17,6.605,6.606
2022/09/06,10:09:23,7.8685,25.759,33.586,51.929,51075.771,1022.075,22.041,1.24,1.24,0.14,98.08,6.59,8.18,6.609,6.61
2022/09/06,10:09:23,7.8255,25.76,33.583,51.926,51072.337,1022.073,22.039,1.21,1.21,0.18,98.08,6.59,8.18,6.608,6.609
2022/09/06,10:09:23,7.804,25.761,33.581,51.923,51068.422,1022.071,22.037,1.27,1.27,0.18,98.04,6.588,8.18,6.606,6.607
2022/09/06,10:09:23,7.7825,25.761,33.581,51.924,51069.37,1022.071,22.037,1.27,1.27,0.17,98.1,6.592,8.19,6.61,6.611
2022/09/06,10:09:23,7.7395,25.762,33.578,51.92,51064.309,1022.068,22.034,1.17,1.17,0.15,97.95,6.582,8.19,6.601,6.602
2022/09/06,10:09:23,7.6965,25.763,33.575,51.917,51060.541,1022.065,22.032,1.21,1.21,0.15,98.07,6.591,8.18,6.609,6.61
2022/09/06,10:09:24,7.675,25.762,33.582,51.926,51069.703,1022.07,22.037,1.24,1.24,0.2,98.05,6.588,8.18,6.607,6.608
2022/09/06,10:09:24,7.6535,25.762,33.593,51.941,51084.923,1022.079,22.046,1.18,1.18,0.17,98.15,6.595,8.18,6.613,6.614
2022/09/06,10:09:24,7.6105,25.764,33.603,51.956,51097.999,1022.086,22.053,1.24,1.24,0.17,98.19,6.596,8.19,6.615,6.616
2022/09/06,10:09:24,7.5675,25.767,33.607,51.965,51103.041,1022.087,22.055,1.24,1.24,0.18,98.15,6.594,8.19,6.612,6.613
2022/09/06,10:09:24,7.5245,25.772,33.605,51.968,51100.546,1022.085,22.052,1.33,1.33,0.17,98.15,6.594,8.18,6.613,6.614
2022/09/06,10:09:24,7.503,25.776,33.606,51.974,51101.685,1022.084,22.052,1.3,1.3,0.19,98.24,6.6,8.17,6.619,6.62
2022/09/06,10:09:24,7.46,25.781,33.597,51.966,51088.399,1022.075,22.043,1.24,1.24,0.14,98.19,6.596,8.17,6.615,6.616
2022/09/06,10:09:24,7.417,25.787,33.59,51.963,51078.233,1022.068,22.036,1.22,1.22,0.13,98.21,6.597,8.17,6.616,6.617
2022/09/06,10:09:24,7.374,25.793,33.588,51.965,51074.499,1022.064,22.032,1.21,1.21,0.14,98.18,6.595,8.17,6.614,6.615
2022/09/06,10:09:24,7.331,25.799,33.585,51.967,51070.007,1022.06,22.028,1.18,1.18,0.15,98.18,6.595,8.19,6.613,6.614
2022/09/06,10:09:25,7.3095,25.802,33.583,51.968,51067.38,1022.058,22.026,1.24,1.24,0.17,98.13,6.591,8.18,6.609,6.61
2022/09/06,10:09:25,7.2665,25.804,33.589,51.978,51075.219,1022.062,22.03,1.28,1.28,0.22,98.27,6.6,8.18,6.618,6.619
2022/09/06,10:09:25,7.245,25.806,33.591,51.984,51077.621,1022.062,22.031,1.26,1.26,0.2,98.23,6.596,8.18,6.615,6.616
2022/09/06,10:09:25,7.2235,25.808,33.597,51.993,51084.86,1022.066,22.034,1.25,1.25,0.17,98.21,6.594,8.18,6.613,6.614
2022/09/06,10:09:25,7.2021,25.811,33.601,52.001,51089.897,1022.068,22.037,1.24,1.24,0.19,98.25,6.596,8.18,6.615,6.616
2022/09/06,10:09:25,7.1806,25.815,33.597,52,51084.207,1022.063,22.032,1.22,1.22,0.26,98.34,6.602,8.19,6.62,6.621
2022/09/06,10:09:25,7.1591,25.818,33.605,52.015,51095.263,1022.069,22.038,1.24,1.24,0.31,98.39,6.604,8.19,6.623,6.624
2022/09/06,10:09:25,7.1591,25.824,33.632,52.058,51130.88,1022.087,22.056,1.24,1.24,0.22,98.34,6.599,8.19,6.617,6.618
2022/09/06,10:09:25,7.1376,25.829,33.627,52.056,51124.13,1022.082,22.051,1.31,1.31,0.27,98.32,6.597,8.18,6.615,6.616
2022/09/06,10:09:25,7.1161,25.83,33.618,52.044,51110.605,1022.074,22.043,1.32,1.32,0.23,98.3,6.596,8.19,6.615,6.616
2022/09/06,10:09:26,7.0946,25.834,33.629,52.064,51125.089,1022.081,22.05,1.32,1.32,0.19,98.35,6.598,8.16,6.617,6.618
2022/09/06,10:09:26,7.0731,25.837,33.628,52.066,51124.556,1022.08,22.049,1.33,1.33,0.18,98.38,6.6,8.18,6.618,6.62
2022/09/06,10:09:26,7.0301,25.84,33.637,52.08,51135.308,1022.085,22.055,1.27,1.27,0.14,98.49,6.606,8.18,6.625,6.626
2022/09/06,10:09:26,6.9871,25.842,33.666,52.122,51174.527,1022.106,22.076,1.29,1.29,0.14,98.41,6.6,8.18,6.618,6.619
2022/09/06,10:09:26,6.9656,25.845,33.661,52.12,51168.28,1022.102,22.072,1.27,1.27,0.17,98.46,6.603,8.17,6.621,6.622
2022/09/06,10:09:26,6.9011,25.862,33.656,52.129,51159.503,1022.093,22.063,1.34,1.34,0.18,98.38,6.597,8.19,6.616,6.617
2022/09/06,10:09:26,6.8581,25.875,33.641,52.122,51137.536,1022.077,22.047,1.3,1.3,0.22,98.38,6.599,8.19,6.617,6.618
2022/09/06,10:09:26,6.8151,25.882,33.632,52.117,51124.945,1022.068,22.038,1.39,1.39,0.18,98.37,6.598,8.18,6.617,6.618
2022/09/06,10:09:26,6.7721,25.881,33.636,52.121,51129.456,1022.071,22.041,1.37,1.37,0.17,98.44,6.603,8.18,6.621,6.622
2022/09/06,10:09:26,6.7076,25.886,33.628,52.115,51118.853,1022.063,22.034,1.32,1.32,0.19,98.56,6.611,8.17,6.629,6.63
2022/09/06,10:09:27,6.6646,25.892,33.64,52.137,51133.731,1022.07,22.041,1.34,1.34,0.19,98.57,6.61,8.18,6.629,6.63
2022/09/06,10:09:27,6.6001,25.906,33.647,52.162,51142.154,1022.071,22.042,1.33,1.33,0.2,98.62,6.612,8.16,6.63,6.631
2022/09/06,10:09:27,6.5571,25.922,33.662,52.198,51159.798,1022.076,22.048,1.33,1.33,0.19,98.69,6.615,8.18,6.634,6.635
2022/09/06,10:09:27,6.5356,25.938,33.686,52.248,51191.103,1022.09,22.061,1.36,1.36,0.17,98.65,6.61,8.18,6.628,6.629
2022/09/06,10:09:27,6.4711,25.949,33.678,52.247,51178.873,1022.08,22.052,1.45,1.45,0.23,98.67,6.607,8.19,6.626,6.627
2022/09/06,10:09:27,6.4281,25.964,33.671,52.253,51167.539,1022.07,22.042,1.41,1.41,0.24,98.5,6.591,8.18,6.61,6.611
2022/09/06,10:09:27,6.4066,26.001,33.666,52.284,51157.735,1022.055,22.027,1.51,1.51,0.22,98.62,6.594,8.18,6.613,6.614
2022/09/06,10:09:27,6.3636,26.037,33.652,52.302,51134.933,1022.033,22.005,1.52,1.52,0.22,98.76,6.602,8.17,6.621,6.622
2022/09/06,10:09:27,6.3421,26.063,33.654,52.33,51134.949,1022.027,21.999,1.46,1.46,0.23,98.84,6.606,8.18,6.625,6.626
2022/09/06,10:09:27,6.3206,26.074,33.656,52.344,51135.909,1022.024,21.997,1.45,1.45,0.27,98.94,6.612,8.19,6.63,6.631
2022/09/06,10:09:28,6.3206,26.092,33.627,52.323,51095.079,1021.997,21.969,1.36,1.36,0.23,98.98,6.616,8.16,6.634,6.635
2022/09/06,10:09:28,6.2776,26.1,33.61,52.307,51071.273,1021.982,21.954,1.4,1.4,0.23,99.05,6.621,8.18,6.64,6.641
2022/09/06,10:09:28,6.2776,26.094,33.611,52.301,51072.352,1021.984,21.956,1.4,1.4,0.23,99.09,6.624,8.18,6.643,6.644
2022/09/06,10:09:28,6.2561,26.09,33.616,52.305,51080.141,1021.989,21.962,1.39,1.39,0.24,99.21,6.632,8.18,6.65,6.651
2022/09/06,10:09:28,6.2561,26.091,33.608,52.295,51069.521,1021.983,21.956,1.41,1.41,0.24,99.3,6.638,8.19,6.656,6.657
2022/09/06,10:09:28,6.2131,26.082,33.613,52.292,51076.806,1021.989,21.962,1.42,1.42,0.26,99.32,6.639,8.17,6.658,6.659
2022/09/06,10:09:28,6.2131,26.073,33.622,52.297,51090.531,1021.999,21.972,1.36,1.36,0.22,99.34,6.64,8.18,6.659,6.66
2022/09/06,10:09:28,6.1701,26.073,33.648,52.331,51124.482,1022.017,21.991,1.38,1.38,0.22,99.33,6.639,8.17,6.657,6.658
2022/09/06,10:09:28,6.1701,26.079,33.642,52.33,51116.442,1022.011,21.985,1.46,1.46,0.26,99.39,6.642,8.19,6.661,6.662
2022/09/06,10:09:28,6.1486,26.088,33.644,52.342,51117.866,1022.01,21.983,1.52,1.52,0.22,99.4,6.643,8.18,6.662,6.663
2022/09/06,10:09:29,6.1056,26.095,33.645,52.35,51119.061,1022.009,21.982,1.51,1.51,0.23,99.42,6.644,8.16,6.662,6.663
2022/09/06,10:09:29,6.0626,26.098,33.648,52.357,51122.658,1022.01,21.983,1.44,1.44,0.27,99.43,6.644,8.16,6.663,6.664
2022/09/06,10:09:29,6.0411,26.101,33.646,52.358,51119.57,1022.007,21.981,1.51,1.51,0.2,99.4,6.642,8.18,6.661,6.662
2022/09/06,10:09:29,5.9766,26.104,33.641,52.354,51112.453,1022.002,21.976,1.51,1.51,0.18,99.42,6.643,8.17,6.662,6.663
2022/09/06,10:09:29,5.9551,26.106,33.642,52.357,51113.093,1022.002,21.976,1.43,1.43,0.17,99.51,6.65,8.17,6.668,6.669
2022/09/06,10:09:29,5.9121,26.108,33.64,52.357,51110.854,1022,21.974,1.39,1.39,0.19,99.55,6.651,8.17,6.67,6.671
2022/09/06,10:09:29,5.8261,26.116,33.633,52.355,51100.062,1021.992,21.966,1.36,1.36,0.19,99.59,6.654,8.17,6.673,6.674
2022/09/06,10:09:29,5.8046,26.123,33.626,52.353,51090.277,1021.984,21.959,1.39,1.39,0.18,99.59,6.654,8.18,6.673,6.674
2022/09/06,10:09:29,5.7616,26.13,33.621,52.352,51082.797,1021.978,21.953,1.38,1.38,0.19,99.59,6.653,8.16,6.672,6.673
2022/09/06,10:09:29,5.6971,26.137,33.614,52.349,51071.518,1021.97,21.945,1.53,1.53,0.2,99.6,6.653,8.17,6.672,6.673
2022/09/06,10:09:30,5.6326,26.14,33.617,52.356,51075.41,1021.971,21.947,1.44,1.44,0.27,99.57,6.65,8.18,6.669,6.67
2022/09/06,10:09:30,5.5682,26.144,33.618,52.361,51076.283,1021.97,21.946,1.34,1.34,0.26,99.51,6.645,8.18,6.663,6.664
2022/09/06,10:09:30,5.5467,26.147,33.618,52.366,51076.347,1021.969,21.945,1.45,1.45,0.18,99.58,6.649,8.19,6.668,6.669
2022/09/06,10:09:30,5.4822,26.149,33.626,52.377,51086.423,1021.974,21.951,1.37,1.37,0.2,99.53,6.644,8.14,6.663,6.664
2022/09/06,10:09:30,5.4177,26.152,33.622,52.376,51081.274,1021.97,21.947,1.36,1.36,0.36,99.56,6.646,8.17,6.665,6.666
2022/09/06,10:09:30,5.3747,26.158,33.617,52.375,51073.872,1021.965,21.941,1.35,1.35,0.31,99.64,6.651,8.19,6.67,6.671
2022/09/06,10:09:30,5.3532,26.164,33.62,52.386,51077.594,1021.965,21.942,1.3,1.3,0.26,99.75,6.657,8.19,6.676,6.677
2022/09/06,10:09:30,5.3317,26.171,33.619,52.391,51074.934,1021.962,21.939,1.31,1.31,0.23,99.8,6.66,8.17,6.679,6.68
2022/09/06,10:09:30,5.2887,26.18,33.612,52.389,51064.026,1021.953,21.93,1.3,1.3,0.2,99.7,6.653,8.19,6.672,6.673
2022/09/06,10:09:30,5.2887,26.19,33.604,52.389,51052.841,1021.944,21.922,1.29,1.29,0.22,99.71,6.653,8.17,6.672,6.673
2022/09/06,10:09:31,5.2672,26.203,33.604,52.403,51051.748,1021.94,21.918,1.27,1.27,0.2,99.74,6.654,8.16,6.673,6.674
2022/09/06,10:09:31,5.2672,26.212,33.599,52.405,51043.929,1021.934,21.911,1.32,1.32,0.19,99.77,6.655,8.17,6.674,6.675
2022/09/06,10:09:31,5.2672,26.214,33.588,52.391,51027.925,1021.924,21.902,1.29,1.29,0.19,99.81,6.658,8.18,6.677,6.678
2022/09/06,10:09:31,5.2672,26.206,33.592,52.388,51034.426,1021.93,21.907,1.31,1.31,0.2,99.79,6.657,8.19,6.676,6.677
2022/09/06,10:09:31,5.2887,26.195,33.603,52.393,51051.162,1021.942,21.919,1.25,1.25,0.22,99.86,6.662,8.18,6.68,6.681
2022/09/06,10:09:31,5.2887,26.193,33.61,52.4,51060.05,1021.948,21.925,1.46,1.46,0.2,99.82,6.658,8.18,6.677,6.678
2022/09/06,10:09:31,5.2887,26.195,33.609,52.402,51059.332,1021.947,21.924,1.41,1.41,0.33,99.81,6.658,8.18,6.676,6.678
2022/09/06,10:09:31,5.2887,26.197,33.606,52.4,51055.02,1021.944,21.921,1.35,1.35,0.26,99.82,6.658,8.18,6.677,6.678
2022/09/06,10:09:31,5.2887,26.2,33.601,52.395,51047.852,1021.939,21.916,1.48,1.48,0.22,99.91,6.664,8.17,6.683,6.684
2022/09/06,10:09:31,5.2887,26.201,33.602,52.398,51048.895,1021.939,21.916,1.48,1.48,0.35,99.85,6.66,8.19,6.679,6.68
2022/09/06,10:09:32,5.2887,26.201,33.604,52.401,51052.096,1021.941,21.918,1.33,1.33,0.19,99.75,6.654,8.18,6.673,6.674
2022/09/06,10:09:32,5.2457,26.202,33.604,52.402,51051.923,1021.941,21.918,1.25,1.25,0.15,99.78,6.655,8.18,6.674,6.675
2022/09/06,10:09:32,5.2242,26.202,33.605,52.404,51053.336,1021.941,21.919,1.36,1.36,0.22,99.86,6.661,8.18,6.68,6.681
2022/09/06,10:09:32,5.1812,26.201,33.609,52.407,51058.011,1021.944,21.922,1.33,1.33,0.18,99.86,6.661,8.16,6.679,6.68
2022/09/06,10:09:32,5.1167,26.201,33.612,52.412,51062.138,1021.946,21.924,1.3,1.3,0.15,99.87,6.662,8.17,6.681,6.682
2022/09/06,10:09:32,5.0737,26.201,33.614,52.414,51064.949,1021.948,21.926,1.27,1.27,0.17,99.92,6.664,8.19,6.683,6.684
2022/09/06,10:09:32,5.0092,26.2,33.616,52.416,51067.601,1021.949,21.927,1.27,1.27,0.15,99.93,6.665,8.19,6.683,6.684
2022/09/06,10:09:32,4.9447,26.205,33.61,52.412,51058.589,1021.943,21.921,1.23,1.23,0.14,99.87,6.66,8.19,6.679,6.68
2022/09/06,10:09:32,4.8802,26.212,33.604,52.411,51049.969,1021.936,21.915,1.24,1.24,0.17,99.79,6.655,8.18,6.674,6.675
2022/09/06,10:09:32,4.7942,26.216,33.603,52.415,51048.4,1021.933,21.913,1.3,1.3,0.17,99.79,6.654,8.18,6.673,6.674
2022/09/06,10:09:33,4.7297,26.224,33.601,52.419,51044.276,1021.929,21.908,1.27,1.27,0.2,99.92,6.663,8.17,6.682,6.683
2022/09/06,10:09:33,4.6652,26.231,33.601,52.427,51044.657,1021.927,21.907,1.24,1.24,0.17,99.99,6.666,8.19,6.685,6.686
2022/09/06,10:09:33,4.5792,26.238,33.602,52.435,51044.942,1021.925,21.905,1.23,1.23,0.18,100.03,6.669,8.18,6.688,6.689
2022/09/06,10:09:33,4.5362,26.243,33.601,52.438,51042.354,1021.922,21.902,1.23,1.23,0.14,100.1,6.672,8.17,6.691,6.692
2022/09/06,10:09:33,4.4932,26.249,33.606,52.452,51049.237,1021.924,21.905,1.19,1.19,0.14,99.98,6.664,8.17,6.683,6.684
2022/09/06,10:09:33,4.4287,26.254,33.607,52.458,51049.765,1021.923,21.904,1.14,1.14,0.18,100.03,6.666,8.17,6.685,6.686
2022/09/06,10:09:33,4.3857,26.263,33.604,52.463,51044.969,1021.918,21.899,1.15,1.15,0.19,100.06,6.668,8.16,6.687,6.688
2022/09/06,10:09:33,4.3427,26.28,33.617,52.498,51060.484,1021.922,21.903,1.16,1.16,0.19,100.02,6.663,8.19,6.682,6.683
2022/09/06,10:09:33,4.3212,26.29,33.606,52.493,51044.641,1021.911,21.892,1.14,1.14,0.19,99.89,6.654,8.18,6.673,6.674
2022/09/06,10:09:33,4.2997,26.298,33.61,52.507,51049.284,1021.911,21.893,1.1,1.1,0.2,99.88,6.652,8.18,6.67,6.671
2022/09/06,10:09:34,4.2997,26.312,33.612,52.524,51049.967,1021.908,21.889,1.12,1.12,0.19,100.08,6.664,8.18,6.683,6.684
2022/09/06,10:09:34,4.2997,26.312,33.607,52.517,51043.831,1021.904,21.886,1.15,1.15,0.2,100.07,6.662,8.18,6.681,6.682
2022/09/06,10:09:34,4.2782,26.32,33.601,52.516,51033.868,1021.897,21.878,1.17,1.17,0.24,100.14,6.666,8.19,6.685,6.686
2022/09/06,10:09:34,4.2782,26.326,33.604,52.527,51037.453,1021.897,21.879,1.21,1.21,0.26,100.12,6.663,8.18,6.682,6.683
2022/09/06,10:09:34,4.3212,26.33,33.595,52.519,51025.332,1021.89,21.871,1.18,1.18,0.22,100.08,6.661,8.18,6.68,6.681
2022/09/06,10:09:34,4.2997,26.332,33.589,52.513,51017.677,1021.885,21.866,1.15,1.15,0.2,100.09,6.662,8.18,6.68,6.682
2022/09/06,10:09:34,4.2997,26.334,33.586,52.51,51013.032,1021.882,21.863,1.13,1.13,0.23,100.04,6.658,8.18,6.677,6.678
2022/09/06,10:09:34,4.2997,26.337,33.585,52.511,51010.585,1021.88,21.861,1.15,1.15,0.26,100.09,6.662,8.18,6.681,6.682
2022/09/06,10:09:34,4.2782,26.339,33.585,52.513,51011.055,1021.879,21.861,1.13,1.13,0.22,100.17,6.667,8.18,6.686,6.687
2022/09/06,10:09:34,4.2782,26.339,33.586,52.515,51012.564,1021.88,21.862,1.07,1.07,0.19,100.17,6.667,8.19,6.686,6.687
2022/09/06,10:09:35,4.2567,26.339,33.591,52.521,51018.466,1021.883,21.865,1.06,1.06,0.17,100.09,6.662,8.17,6.68,6.681
2022/09/06,10:09:35,4.2352,26.34,33.594,52.527,51022.883,1021.885,21.867,1.08,1.08,0.19,100.01,6.656,8.19,6.675,6.676
2022/09/06,10:09:35,4.1922,26.34,33.594,52.527,51022.724,1021.885,21.867,1.08,1.08,0.18,100.05,6.659,8.18,6.677,6.678
2022/09/06,10:09:35,4.1492,26.339,33.595,52.527,51024.03,1021.886,21.868,1.11,1.11,0.18,100.11,6.663,8.18,6.682,6.683
2022/09/06,10:09:35,4.1062,26.339,33.595,52.528,51024.766,1021.886,21.869,1.09,1.09,0.23,100.12,6.663,8.18,6.682,6.683
2022/09/06,10:09:35,4.0632,26.337,33.596,52.527,51025.437,1021.887,21.869,1.14,1.14,0.23,100.13,6.664,8.19,6.682,6.683
2022/09/06,10:09:35,3.9987,26.337,33.599,52.531,51029.716,1021.889,21.872,1.14,1.14,0.2,100.17,6.666,8.19,6.685,6.686
2022/09/06,10:09:35,3.9343,26.34,33.594,52.526,51022.21,1021.884,21.867,1.14,1.14,0.23,100.09,6.66,8.19,6.679,6.68
2022/09/06,10:09:35,3.8913,26.34,33.6,52.535,51030.641,1021.888,21.871,1.14,1.14,0.26,100.12,6.661,8.19,6.68,6.681
2022/09/06,10:09:35,3.8268,26.343,33.61,52.552,51043.751,1021.895,21.878,1.12,1.12,0.26,100.12,6.661,8.17,6.679,6.68
2022/09/06,10:09:36,3.7838,26.357,33.615,52.573,51049.383,1021.894,21.878,1.12,1.12,0.33,100.13,6.661,8.17,6.68,6.681
2022/09/06,10:09:36,3.6978,26.369,33.616,52.588,51049.998,1021.891,21.875,1.15,1.15,0.58,100.1,6.658,8.18,6.677,6.678
2022/09/06,10:09:36,3.6548,26.382,33.61,52.592,51040.334,1021.882,21.866,1.15,1.15,0.33,100.19,6.663,8.19,6.682,6.683
2022/09/06,10:09:36,3.5903,26.395,33.609,52.603,51036.56,1021.876,21.861,1.11,1.11,0.37,100.23,6.665,8.18,6.683,6.685
2022/09/06,10:09:36,3.5688,26.407,33.607,52.613,51032.914,1021.871,21.856,1.12,1.12,0.35,100.2,6.661,8.18,6.68,6.681
2022/09/06,10:09:36,3.5258,26.414,33.606,52.619,51031.261,1021.868,21.853,1.09,1.09,0.33,100.22,6.661,8.18,6.68,6.681
2022/09/06,10:09:36,3.5043,26.425,33.598,52.619,51019.759,1021.859,21.844,1.1,1.1,0.33,100.13,6.654,8.19,6.673,6.674
2022/09/06,10:09:36,3.4613,26.435,33.597,52.628,51016.931,1021.855,21.84,1.11,1.11,0.31,100.19,6.657,8.19,6.676,6.677
2022/09/06,10:09:36,3.4183,26.445,33.609,52.654,51031.649,1021.86,21.845,1.12,1.12,0.33,100.24,6.659,8.18,6.678,6.679
2022/09/06,10:09:36,3.3968,26.46,33.594,52.649,51010.617,1021.845,21.83,1.08,1.08,0.32,100.28,6.661,8.18,6.68,6.681
2022/09/06,10:09:37,3.3753,26.465,33.586,52.641,50998.17,1021.836,21.822,1.09,1.09,0.35,100.28,6.661,8.16,6.68,6.681
2022/09/06,10:09:37,3.3538,26.477,33.583,52.651,50993.808,1021.831,21.816,1.08,1.08,0.36,100.27,6.659,8.18,6.678,6.679
2022/09/06,10:09:37,3.3538,26.49,33.578,52.656,50984.78,1021.822,21.808,1.05,1.05,0.36,100.28,6.659,8.17,6.678,6.679
2022/09/06,10:09:37,3.3323,26.493,33.568,52.646,50972.138,1021.814,21.8,1.09,1.09,0.35,100.21,6.654,8.19,6.673,6.674
2022/09/06,10:09:37,3.3323,26.498,33.564,52.646,50965.833,1021.81,21.795,1.12,1.12,0.35,100.29,6.659,8.18,6.678,6.679
2022/09/06,10:09:37,3.3108,26.502,33.571,52.66,50975.21,1021.814,21.799,1.06,1.06,0.44,100.37,6.663,8.18,6.682,6.683
2022/09/06,10:09:37,3.2893,26.505,33.573,52.665,50976.605,1021.814,21.799,1.1,1.1,0.42,100.3,6.659,8.17,6.678,6.679
2022/09/06,10:09:37,3.2678,26.507,33.574,52.669,50978.168,1021.814,21.8,1.09,1.09,0.36,100.33,6.66,8.17,6.679,6.68
2022/09/06,10:09:37,3.2678,26.507,33.574,52.669,50978.296,1021.814,21.8,1.04,1.04,0.36,100.35,6.661,8.17,6.68,6.681
2022/09/06,10:09:37,3.2463,26.509,33.576,52.673,50981.179,1021.815,21.801,1.06,1.06,0.32,100.4,6.664,8.18,6.683,6.684
2022/09/06,10:09:38,3.2248,26.509,33.575,52.672,50978.771,1021.813,21.799,1.08,1.08,0.33,100.32,6.658,8.16,6.677,6.678
2022/09/06,10:09:38,3.1818,26.509,33.576,52.674,50980.791,1021.814,21.801,1.07,1.07,0.33,100.37,6.661,8.19,6.68,6.681
2022/09/06,10:09:38,3.1603,26.509,33.576,52.674,50980.726,1021.814,21.801,1.08,1.08,0.29,100.52,6.672,8.18,6.691,6.692
2022/09/06,10:09:38,3.1173,26.508,33.577,52.674,50982.449,1021.815,21.802,1.04,1.04,0.28,100.35,6.661,8.18,6.68,6.681
2022/09/06,10:09:38,3.0958,26.511,33.576,52.675,50980.351,1021.813,21.8,1.04,1.04,0.29,100.31,6.658,8.18,6.677,6.678
2022/09/06,10:09:38,3.0313,26.512,33.576,52.676,50980.078,1021.813,21.8,1.07,1.07,0.41,100.24,6.654,8.18,6.673,6.674
2022/09/06,10:09:38,2.9883,26.515,33.575,52.677,50978.476,1021.811,21.798,1.07,1.07,0.37,100.3,6.658,8.16,6.677,6.678
2022/09/06,10:09:38,2.9453,26.518,33.572,52.676,50973.675,1021.807,21.794,1.06,1.06,0.33,100.35,6.662,8.18,6.681,6.682
2022/09/06,10:09:38,2.9023,26.52,33.568,52.673,50969.051,1021.804,21.791,1.04,1.04,0.33,100.37,6.663,8.19,6.682,6.683
2022/09/06,10:09:38,2.8593,26.519,33.568,52.671,50968.544,1021.804,21.792,1.02,1.02,0.28,100.31,6.659,8.19,6.678,6.679
2022/09/06,10:09:39,2.8163,26.52,33.569,52.675,50969.871,1021.804,21.792,1.03,1.03,0.32,100.34,6.661,8.18,6.68,6.681
2022/09/06,10:09:39,2.7518,26.522,33.576,52.686,50979.235,1021.809,21.797,1.21,1.21,0.29,100.29,6.657,8.19,6.676,6.677
2022/09/06,10:09:39,2.7088,26.529,33.572,52.689,50973.55,1021.803,21.792,1.07,1.07,0.28,100.47,6.669,8.17,6.688,6.689
2022/09/06,10:09:39,2.6443,26.535,33.565,52.684,50962.581,1021.795,21.784,1.03,1.03,0.32,100.47,6.669,8.17,6.688,6.689
2022/09/06,10:09:39,2.6013,26.539,33.559,52.68,50954.749,1021.79,21.779,0.98,0.98,0.37,100.38,6.662,8.21,6.681,6.682
2022/09/06,10:09:39,2.5583,26.542,33.555,52.677,50949.07,1021.786,21.775,1,1,0.31,100.38,6.661,8.19,6.68,6.681
2022/09/06,10:09:39,2.5153,26.541,33.551,52.67,50943.818,1021.783,21.772,0.96,0.96,0.27,100.32,6.657,8.19,6.676,6.677
2022/09/06,10:09:39,2.4723,26.54,33.548,52.665,50939.581,1021.781,21.77,0.94,0.94,0.23,100.39,6.661,8.17,6.68,6.681
2022/09/06,10:09:39,2.4723,26.541,33.534,52.646,50919.838,1021.769,21.759,0.93,0.93,0.24,100.43,6.665,8.17,6.684,6.685
2022/09/06,10:09:39,2.4293,26.538,33.516,52.618,50895.748,1021.757,21.746,0.92,0.92,0.23,100.4,6.664,8.17,6.683,6.684
2022/09/06,10:09:40,2.4293,26.534,33.517,52.616,50898.2,1021.759,21.748,0.92,0.92,0.2,100.45,6.667,8.18,6.686,6.687
2022/09/06,10:09:40,2.3863,26.529,33.513,52.604,50892.812,1021.757,21.747,0.91,0.91,0.23,100.47,6.669,8.19,6.688,6.689
2022/09/06,10:09:40,2.3863,26.522,33.514,52.599,50895.23,1021.76,21.75,0.93,0.93,0.23,100.52,6.673,8.21,6.692,6.693
2022/09/06,10:09:40,2.3649,26.519,33.513,52.595,50894.193,1021.76,21.75,0.91,0.91,0.23,100.51,6.673,8.19,6.691,6.692
2022/09/06,10:09:40,2.3649,26.517,33.51,52.588,50890.249,1021.759,21.748,0.89,0.89,0.19,100.45,6.669,8.18,6.688,6.689
2022/09/06,10:09:40,2.3434,26.512,33.513,52.588,50894.957,1021.762,21.752,0.91,0.91,0.18,100.56,6.676,8.19,6.695,6.696
2022/09/06,10:09:40,2.3434,26.513,33.511,52.586,50892.223,1021.761,21.751,0.9,0.9,0.22,100.54,6.675,8.19,6.694,6.695
2022/09/06,10:09:40,2.3219,26.511,33.505,52.576,50884.715,1021.757,21.747,0.9,0.9,0.2,100.45,6.67,8.17,6.689,6.69
2022/09/06,10:09:40,2.3219,26.51,33.503,52.573,50882.065,1021.756,21.746,0.89,0.89,0.22,100.67,6.685,8.18,6.704,6.705
2022/09/06,10:09:40,2.3004,26.511,33.498,52.565,50874.582,1021.751,21.741,0.93,0.93,0.26,100.68,6.686,8.18,6.704,6.706
2022/09/06,10:09:41,2.2789,26.509,33.498,52.564,50875.185,1021.752,21.742,0.91,0.91,0.22,100.64,6.684,8.17,6.702,6.703
2022/09/06,10:09:41,2.2789,26.508,33.492,52.554,50867.238,1021.748,21.738,0.93,0.93,0.2,100.62,6.682,8.18,6.701,6.702
2022/09/06,10:09:41,2.2359,26.508,33.493,52.556,50868.315,1021.748,21.738,0.92,0.92,0.19,100.59,6.68,8.17,6.699,6.7
2022/09/06,10:09:41,2.2144,26.507,33.497,52.561,50874.043,1021.751,21.742,0.96,0.96,0.2,100.66,6.684,8.17,6.703,6.704
2022/09/06,10:09:41,2.1714,26.507,33.499,52.564,50876.36,1021.753,21.743,0.93,0.93,0.2,100.8,6.694,8.17,6.713,6.714
2022/09/06,10:09:41,2.1499,26.508,33.491,52.552,50865.022,1021.746,21.737,0.93,0.93,0.2,100.77,6.692,8.17,6.711,6.712
2022/09/06,10:09:41,2.1069,26.508,33.481,52.539,50851.657,1021.738,21.729,0.96,0.96,0.2,100.77,6.693,8.18,6.712,6.713
2022/09/06,10:09:41,2.0639,26.506,33.478,52.532,50847.969,1021.737,21.728,0.97,0.97,0.22,100.73,6.69,8.16,6.709,6.71
2022/09/06,10:09:41,2.0209,26.503,33.478,52.529,50848.192,1021.737,21.729,0.95,0.95,0.22,100.69,6.688,8.18,6.707,6.708
2022/09/06,10:09:41,1.9994,26.502,33.472,52.52,50840.61,1021.733,21.725,0.96,0.96,0.2,100.72,6.69,8.18,6.709,6.71
2022/09/06,10:09:42,1.9564,26.501,33.468,52.513,50834.348,1021.73,21.721,0.93,0.93,0.14,100.77,6.694,8.18,6.713,6.714
2022/09/06,10:09:42,1.8919,26.5,33.466,52.51,50832.485,1021.729,21.721,0.87,0.87,0.14,100.75,6.692,8.18,6.711,6.712
2022/09/06,10:09:42,1.8489,26.498,33.465,52.506,50831.018,1021.728,21.72,0.87,0.87,0.14,100.76,6.693,8.21,6.712,6.713
2022/09/06,10:09:42,1.8059,26.498,33.464,52.504,50829.646,1021.728,21.72,0.9,0.9,0.15,100.86,6.701,8.19,6.72,6.721
2022/09/06,10:09:42,1.7629,26.492,33.468,52.505,50835.478,1021.732,21.724,0.87,0.87,0.22,100.83,6.698,8.18,6.717,6.718
2022/09/06,10:09:42,1.7199,26.491,33.467,52.501,50833.983,1021.731,21.724,0.84,0.84,0.17,100.81,6.697,8.18,6.716,6.717
2022/09/06,10:09:42,1.6769,26.492,33.465,52.5,50831.434,1021.729,21.722,0.84,0.84,0.18,100.79,6.696,8.19,6.715,6.716
2022/09/06,10:09:42,1.6339,26.492,33.466,52.502,50833.256,1021.73,21.723,0.88,0.88,0.15,100.74,6.692,8.17,6.711,6.712
2022/09/06,10:09:42,1.6124,26.495,33.461,52.499,50826.513,1021.726,21.719,0.92,0.92,0.17,100.88,6.702,8.19,6.721,6.722
2022/09/06,10:09:42,1.5909,26.499,33.453,52.49,50814.133,1021.718,21.711,0.93,0.93,0.14,100.87,6.701,8.19,6.72,6.721
2022/09/06,10:09:43,1.5479,26.503,33.447,52.486,50805.655,1021.712,21.705,0.88,0.88,0.12,100.9,6.703,8.19,6.722,6.723
2022/09/06,10:09:43,1.5264,26.508,33.439,52.48,50794.875,1021.704,21.698,0.9,0.9,0.14,100.85,6.699,8.18,6.718,6.719
2022/09/06,10:09:43,1.5264,26.507,33.438,52.478,50794.243,1021.704,21.698,0.86,0.86,0.1,100.85,6.699,8.19,6.718,6.719
2022/09/06,10:09:43,1.5049,26.506,33.44,52.478,50795.801,1021.705,21.699,0.86,0.86,0.17,100.94,6.705,8.15,6.724,6.725
2022/09/06,10:09:43,1.5049,26.505,33.439,52.477,50795.283,1021.705,21.699,0.85,0.85,0.12,100.9,6.702,8.17,6.721,6.722
2022/09/06,10:09:43,1.4834,26.505,33.439,52.477,50795.587,1021.705,21.699,0.85,0.85,0.12,100.93,6.705,8.19,6.724,6.725
2022/09/06,10:09:43,1.4834,26.505,33.44,52.479,50797.059,1021.706,21.7,0.89,0.89,0.17,100.92,6.703,8.17,6.722,6.723
2022/09/06,10:09:43,1.4619,26.507,33.437,52.476,50792.069,1021.703,21.696,0.93,0.93,0.17,100.91,6.704,8.17,6.723,6.724
2022/09/06,10:09:43,1.4619,26.508,33.438,52.478,50793.339,1021.703,21.697,0.9,0.9,0.15,100.93,6.705,8.19,6.724,6.725
2022/09/06,10:09:43,1.4404,26.508,33.436,52.476,50790.988,1021.702,21.696,0.87,0.87,0.13,100.92,6.704,8.19,6.723,6.724
2022/09/06,10:09:44,1.4189,26.507,33.435,52.473,50789.022,1021.701,21.695,0.93,0.93,0.17,100.99,6.709,8.17,6.728,6.729
2022/09/06,10:09:44,1.3974,26.506,33.436,52.474,50791.209,1021.702,21.696,0.95,0.95,0.14,100.9,6.702,8.18,6.721,6.722
2022/09/06,10:09:44,1.3544,26.507,33.438,52.477,50793.02,1021.703,21.697,0.95,0.95,0.15,101.01,6.71,8.18,6.729,6.73
2022/09/06,10:09:44,1.3329,26.506,33.44,52.48,50796.873,1021.705,21.699,0.95,0.95,0.2,101.08,6.715,8.19,6.734,6.735
2022/09/06,10:09:44,1.2684,26.507,33.437,52.476,50792.038,1021.702,21.696,0.96,0.96,0.2,101.08,6.715,8.19,6.734,6.735
2022/09/06,10:09:44,1.2254,26.508,33.435,52.475,50789.959,1021.7,21.695,0.97,0.97,0.2,101.09,6.715,8.18,6.734,6.735
2022/09/06,10:09:44,1.1609,26.509,33.436,52.477,50791.229,1021.701,21.696,0.9,0.9,0.18,101.1,6.716,8.18,6.735,6.736
2022/09/06,10:09:44,1.0964,26.51,33.433,52.474,50786.657,1021.697,21.693,0.86,0.86,0.18,100.99,6.709,8.19,6.728,6.729
2022/09/06,10:09:44,1.0319,26.514,33.428,52.471,50779.23,1021.692,21.688,0.92,0.92,0.22,100.99,6.708,8.18,6.727,6.728
2022/09/06,10:09:44,0.9889,26.516,33.429,52.474,50780.366,1021.692,21.688,0.94,0.94,0.23,101.19,6.721,8.19,6.74,6.741
2022/09/06,10:09:45,0.9029,26.519,33.424,52.47,50773.685,1021.687,21.683,0.97,0.97,0.29,101.2,6.722,8.16,6.741,6.742
2022/09/06,10:09:45,0.8384,26.519,33.426,52.473,50775.867,1021.688,21.684,0.89,0.89,0.28,101.19,6.721,8.18,6.74,6.741
2022/09/06,10:09:45,0.7739,26.521,33.425,52.474,50774.722,1021.687,21.683,0.9,0.9,0.35,101.16,6.719,8.19,6.738,6.739
2022/09/06,10:09:45,0.688,26.523,33.424,52.474,50773.236,1021.685,21.682,0.9,0.9,0.27,101.17,6.719,8.16,6.738,6.739
2022/09/06,10:09:45,0.6235,26.523,33.426,52.476,50774.956,1021.686,21.683,0.9,0.9,0.23,101.21,6.722,8.18,6.741,6.742
2022/09/06,10:09:45,0.559,26.526,33.424,52.477,50772.397,1021.683,21.681,0.88,0.88,0.22,101.22,6.722,8.17,6.741,6.742
2022/09/06,10:09:45,0.5375,26.531,33.42,52.476,50766.201,1021.678,21.676,0.94,0.94,0.4,101.32,6.729,8.17,6.748,6.749
2022/09/06,10:09:45,0.5375,26.534,33.422,52.482,50768.41,1021.679,21.676,0.95,0.95,0.35,101.3,6.727,8.18,6.746,6.747
2022/09/06,10:09:45,0.516,26.544,33.409,52.475,50750.496,1021.666,21.664,0.92,0.92,0.26,101.44,6.737,8.17,6.756,6.757
2022/09/06,10:09:45,0.516,26.553,33.403,52.474,50741.061,1021.659,21.657,0.89,0.89,0.2,101.47,6.738,8.17,6.757,6.758
2022/09/06,10:09:46,0.516,26.548,33.402,52.468,50740.548,1021.66,21.657,0.92,0.92,0.2,101.45,6.737,8.18,6.756,6.757
2022/09/06,10:09:46,0.516,26.544,33.409,52.474,50749.785,1021.666,21.664,1.09,1.09,0.79,101.51,6.741,8.18,6.76,6.761
2022/09/06,10:09:46,0.5375,26.544,33.41,52.475,50751.782,1021.667,21.665,0.95,0.95,0.36,101.52,6.741,8.18,6.76,6.761
2022/09/06,10:09:46,0.5375,26.547,33.407,52.474,50747.225,1021.664,21.661,0.9,0.9,0.28,101.56,6.742,8.19,6.761,6.762
2022/09/06,10:09:46,0.5375,26.555,33.402,52.476,50740.092,1021.658,21.655,1,1,0.53,101.57,6.742,8.18,6.762,6.763
2022/09/06,10:09:46,0.5375,26.56,33.394,52.469,50727.895,1021.65,21.647,0.93,0.93,1.15,101.48,6.735,8.17,6.754,6.755
2022/09/06,10:09:46,0.5375,26.564,33.399,52.479,50734.096,1021.652,21.65,0.9,0.9,0.49,101.38,6.729,8.17,6.748,6.749
2022/09/06,10:09:46,0.516,26.566,33.392,52.473,50724.982,1021.646,21.644,0.98,0.98,0.37,101.31,6.724,8.18,6.743,6.744
2022/09/06,10:09:46,0.516,26.566,33.395,52.476,50728.509,1021.648,21.646,0.88,0.88,0.31,101.4,6.731,8.18,6.75,6.751
2022/09/06,10:09:46,0.4945,26.562,33.399,52.479,50734.943,1021.653,21.651,0.99,0.99,0.24,101.35,6.728,8.19,6.747,6.748
2022/09/06,10:09:47,0.4945,26.56,33.401,52.479,50737.519,1021.655,21.653,0.91,0.91,0.26,101.29,6.724,8.17,6.744,6.745
2022/09/06,10:09:47,0.473,26.556,33.405,52.481,50743.86,1021.659,21.657,0.92,0.92,0.36,101.21,6.718,8.16,6.737,6.738
2022/09/06,10:09:47,0.473,26.554,33.405,52.479,50743.449,1021.659,21.657,0.89,0.89,0.28,101.29,6.725,8.17,6.744,6.745
2022/09/06,10:09:47,0.473,26.552,33.406,52.478,50744.988,1021.661,21.659,0.87,0.87,0.23,101.32,6.726,8.17,6.745,6.746
2022/09/06,10:09:47,0.43,26.552,33.408,52.48,50748.087,1021.663,21.661,0.89,0.89,0.18,101.25,6.722,8.17,6.741,6.742
2022/09/06,10:09:47,0.4515,26.552,33.404,52.476,50743.007,1021.66,21.658,0.9,0.9,0.19,101.27,6.723,8.16,6.742,6.743
2022/09/06,10:09:47,0.4085,26.552,33.409,52.482,50749.679,1021.663,21.662,0.88,0.88,0.23,101.19,6.718,8.18,6.737,6.738
2022/09/06,10:09:47,0.387,26.55,33.41,52.482,50750.809,1021.664,21.663,0.87,0.87,0.23,101.33,6.727,8.18,6.746,6.747
2022/09/06,10:09:47,0.344,26.552,33.409,52.482,50749.82,1021.663,21.662,0.93,0.93,0.24,101.32,6.726,8.17,6.745,6.746
2022/09/06,10:09:47,0.3225,26.55,33.41,52.482,50751.427,1021.664,21.663,0.91,0.91,0.23,101.31,6.725,8.18,6.744,6.745
2022/09/06,10:09:48,0.258,26.55,33.411,52.483,50752.648,1021.665,21.664,0.9,0.9,0.22,101.3,6.725,8.18,6.744,6.745
2022/09/06,10:09:48,0.215,26.55,33.41,52.482,50751.256,1021.664,21.663,0.89,0.89,0.23,101.24,6.721,8.17,6.74,6.741
2022/09/06,10:09:48,0.172,26.551,33.41,52.482,50750.208,1021.663,21.662,0.93,0.93,0.23,101.37,6.729,8.19,6.748,6.749
